"evaluation","predictionThreshold","preferenceThreshold","positiveCount","negativeCount","trueCount","falseCount","truePositiveCount","trueNegativeCount","falsePositiveCount","falseNegativeCount","f1Score","accuracy","sensitivity","falseNegativeRate","falsePositiveRate","specificity","positivePredictiveValue","falseDiscoveryRate","negativePredictiveValue","falseOmissionRate","positiveLikelihoodRatio","negativeLikelihoodRatio","diagnosticOddsRatio"
"Test",0.952812671425386,0.995057930486191,1,767,70,698,0,697,1,70,NA,0.907552083333333,0,1,0.00143266475644699,0.998567335243553,0,1,0.908735332464146,0.091264667535854,0,1.00143472022956,0
"Test",0.935250747288456,0.993104838988329,2,766,70,698,1,697,1,69,0.0277777777777778,0.908854166666667,0.0142857142857143,0.985714285714286,0.00143266475644699,0.998567335243553,0.5,0.5,0.909921671018277,0.0900783289817232,9.97142857142857,0.987128509940562,10.1014492753623
"Test",0.923852643462643,0.991801778916793,3,765,70,698,2,697,1,68,0.0547945205479452,0.91015625,0.0285714285714286,0.971428571428571,0.00143266475644699,0.998567335243553,0.666666666666667,0.333333333333333,0.911111111111111,0.0888888888888889,19.9428571428571,0.972822299651568,20.5
"Test",0.922054872753118,0.991593629089279,4,764,70,698,3,697,1,67,0.0810810810810811,0.911458333333333,0.0428571428571429,0.957142857142857,0.00143266475644699,0.998567335243553,0.75,0.25,0.912303664921466,0.087696335078534,29.9142857142857,0.958516089362574,31.2089552238806
"Test",0.917082273066966,0.991014100839027,5,763,70,698,4,697,1,66,0.106666666666667,0.912760416666667,0.0571428571428571,0.942857142857143,0.00143266475644699,0.998567335243553,0.8,0.2,0.913499344692005,0.0865006553079948,39.8857142857143,0.944209879073581,42.2424242424242
"Test",0.913454121842063,0.990587712096685,6,762,70,698,5,697,1,65,0.131578947368421,0.9140625,0.0714285714285714,0.928571428571429,0.00143266475644699,0.998567335243553,0.833333333333333,0.166666666666667,0.914698162729659,0.0853018372703412,49.8571428571429,0.929903668784587,53.6153846153846
"Test",0.912362162677605,0.99045879089158,7,761,70,698,6,697,1,64,0.155844155844156,0.915364583333333,0.0857142857142857,0.914285714285714,0.00143266475644699,0.998567335243553,0.857142857142857,0.142857142857143,0.915900131406045,0.0840998685939553,59.8285714285714,0.915597458495593,65.34375
"Test",0.911627539777799,0.990371903432094,8,760,70,698,7,697,1,63,0.17948717948718,0.916666666666667,0.1,0.9,0.00143266475644699,0.998567335243553,0.875,0.125,0.917105263157895,0.0828947368421053,69.8,0.9012912482066,77.4444444444445
"Test",0.910600129653955,0.990250177095006,9,759,70,698,8,697,1,62,0.20253164556962,0.91796875,0.114285714285714,0.885714285714286,0.00143266475644699,0.998567335243553,0.888888888888889,0.111111111111111,0.918313570487484,0.0816864295125165,79.7714285714286,0.886985037917606,89.9354838709677
"Test",0.907117915843615,0.989835781932795,10,758,70,698,9,697,1,61,0.225,0.919270833333333,0.128571428571429,0.871428571428571,0.00143266475644699,0.998567335243553,0.9,0.1,0.919525065963061,0.0804749340369393,89.7428571428571,0.872678827628612,102.83606557377
"Test",0.906847518460495,0.989803485153469,11,757,70,698,10,697,1,60,0.246913580246914,0.920572916666667,0.142857142857143,0.857142857142857,0.00143266475644699,0.998567335243553,0.909090909090909,0.0909090909090909,0.920739762219287,0.0792602377807133,99.7142857142857,0.858372617339619,116.166666666667
"Test",0.905722981004761,0.989668984056925,12,756,70,698,11,697,1,59,0.268292682926829,0.921875,0.157142857142857,0.842857142857143,0.00143266475644699,0.998567335243553,0.916666666666667,0.0833333333333333,0.921957671957672,0.078042328042328,109.685714285714,0.844066407050625,129.949152542373
"Test",0.90362239927244,0.989416944254764,13,755,70,698,12,697,1,58,0.289156626506024,0.923177083333333,0.171428571428571,0.828571428571429,0.00143266475644699,0.998567335243553,0.923076923076923,0.0769230769230769,0.92317880794702,0.0768211920529801,119.657142857143,0.829760196761631,144.206896551724
"Test",0.896434466712607,0.988546546936843,14,754,70,698,13,697,1,57,0.30952380952381,0.924479166666667,0.185714285714286,0.814285714285714,0.00143266475644699,0.998567335243553,0.928571428571429,0.0714285714285714,0.924403183023873,0.0755968169761273,129.628571428571,0.815453986472638,158.964912280702
"Test",0.896368004660768,0.988538441019788,15,753,70,698,13,696,2,57,0.305882352941176,0.923177083333333,0.185714285714286,0.814285714285714,0.00286532951289398,0.997134670487106,0.866666666666667,0.133333333333333,0.924302788844621,0.0756972111553785,64.8142857142857,0.816625615763547,79.3684210526316
"Test",0.895401456872525,0.988420436923154,16,752,70,698,14,696,2,56,0.325581395348837,0.924479166666667,0.2,0.8,0.00286532951289398,0.997134670487106,0.875,0.125,0.925531914893617,0.074468085106383,69.8,0.802298850574713,87
"Test",0.894089428428311,0.988259890735471,17,751,70,698,15,696,2,55,0.344827586206897,0.92578125,0.214285714285714,0.785714285714286,0.00286532951289398,0.997134670487106,0.882352941176471,0.117647058823529,0.92676431424767,0.0732356857523302,74.7857142857143,0.787972085385878,94.9090909090909
"Test",0.893338215440562,0.988167779906382,18,750,70,698,16,696,2,54,0.363636363636364,0.927083333333333,0.228571428571429,0.771428571428571,0.00286532951289398,0.997134670487106,0.888888888888889,0.111111111111111,0.928,0.072,79.7714285714286,0.773645320197044,103.111111111111
"Test",0.892947341647129,0.988119797977826,19,749,70,698,17,696,2,53,0.382022471910112,0.928385416666667,0.242857142857143,0.757142857142857,0.00286532951289398,0.997134670487106,0.894736842105263,0.105263157894737,0.929238985313752,0.0707610146862483,84.7571428571429,0.75931855500821,111.622641509434
"Test",0.892933130772988,0.988118052810555,20,748,70,698,18,696,2,52,0.4,0.9296875,0.257142857142857,0.742857142857143,0.00286532951289398,0.997134670487106,0.9,0.1,0.93048128342246,0.0695187165775401,89.7428571428571,0.744991789819376,120.461538461538
"Test",0.889566429214531,0.987703208427845,21,747,70,698,19,696,2,51,0.417582417582418,0.930989583333333,0.271428571428571,0.728571428571429,0.00286532951289398,0.997134670487106,0.904761904761905,0.0952380952380952,0.931726907630522,0.0682730923694779,94.7285714285714,0.730665024630542,129.647058823529
"Test",0.888411218356154,0.987560219795237,22,746,70,698,20,696,2,50,0.434782608695652,0.932291666666667,0.285714285714286,0.714285714285714,0.00286532951289398,0.997134670487106,0.909090909090909,0.0909090909090909,0.932975871313673,0.0670241286863271,99.7142857142857,0.716338259441708,139.2
"Test",0.88612630177729,0.987276424194518,23,745,70,698,21,696,2,49,0.451612903225806,0.93359375,0.3,0.7,0.00286532951289398,0.997134670487106,0.91304347826087,0.0869565217391304,0.934228187919463,0.0657718120805369,104.7,0.702011494252874,149.142857142857
"Test",0.885414882390121,0.987187797528237,24,744,70,698,22,696,2,48,0.468085106382979,0.934895833333333,0.314285714285714,0.685714285714286,0.00286532951289398,0.997134670487106,0.916666666666667,0.0833333333333333,0.935483870967742,0.0645161290322581,109.685714285714,0.687684729064039,159.5
"Test",0.883730628612639,0.986977472749109,25,743,70,698,22,695,3,48,0.463157894736842,0.93359375,0.314285714285714,0.685714285714286,0.00429799426934097,0.995702005730659,0.88,0.12,0.935397039030956,0.0646029609690444,73.1238095238095,0.688674203494347,106.180555555556
"Test",0.883192388160134,0.986910108640823,26,742,70,698,23,695,3,47,0.479166666666667,0.934895833333333,0.328571428571429,0.671428571428571,0.00429799426934097,0.995702005730659,0.884615384615385,0.115384615384615,0.936657681940701,0.0633423180592992,76.447619047619,0.674326824254882,113.368794326241
"Test",0.882462750314415,0.986818673481425,27,741,70,698,24,695,3,46,0.494845360824742,0.936197916666667,0.342857142857143,0.657142857142857,0.00429799426934097,0.995702005730659,0.888888888888889,0.111111111111111,0.937921727395412,0.0620782726045884,79.7714285714286,0.659979445015416,120.869565217391
"Test",0.878839392263842,0.986362613533268,28,740,70,698,24,694,4,46,0.489795918367347,0.934895833333333,0.342857142857143,0.657142857142857,0.00573065902578797,0.994269340974212,0.857142857142857,0.142857142857143,0.937837837837838,0.0621621621621622,59.8285714285714,0.660930424042816,90.5217391304348
"Test",0.876120737040151,0.9860182280606,29,739,70,698,24,693,5,46,0.484848484848485,0.93359375,0.342857142857143,0.657142857142857,0.00716332378223496,0.992836676217765,0.827586206896552,0.172413793103448,0.937753721244926,0.0622462787550744,47.8628571428571,0.661884147598433,72.3130434782609
"Test",0.874981626147282,0.985873366951099,30,738,70,698,25,693,5,45,0.5,0.934895833333333,0.357142857142857,0.642857142857143,0.00716332378223496,0.992836676217765,0.833333333333333,0.166666666666667,0.939024390243902,0.0609756097560976,49.8571428571429,0.647495361781076,77
"Test",0.874207065921667,0.985774674631951,31,737,70,698,26,693,5,44,0.514851485148515,0.936197916666667,0.371428571428571,0.628571428571429,0.00716332378223496,0.992836676217765,0.838709677419355,0.161290322580645,0.940298507462687,0.0597014925373134,51.8514285714286,0.633106575963719,81.9
"Test",0.872253515262269,0.985525068306638,32,736,70,698,27,693,5,43,0.529411764705882,0.9375,0.385714285714286,0.614285714285714,0.00716332378223496,0.992836676217765,0.84375,0.15625,0.941576086956522,0.0584239130434783,53.8457142857143,0.618717790146362,87.0279069767442
"Test",0.870848828516196,0.985344977068262,33,735,70,698,28,693,5,42,0.543689320388349,0.938802083333333,0.4,0.6,0.00716332378223496,0.992836676217765,0.848484848484849,0.151515151515152,0.942857142857143,0.0571428571428571,55.84,0.604329004329004,92.4
"Test",0.869933451966454,0.985227341580039,34,734,70,698,29,693,5,41,0.557692307692308,0.940104166666667,0.414285714285714,0.585714285714286,0.00716332378223496,0.992836676217765,0.852941176470588,0.147058823529412,0.944141689373297,0.055858310626703,57.8342857142857,0.589940218511647,98.0341463414634
"Test",0.869660353809146,0.985192203089136,35,733,70,698,30,693,5,40,0.571428571428571,0.94140625,0.428571428571429,0.571428571428571,0.00716332378223496,0.992836676217765,0.857142857142857,0.142857142857143,0.945429740791269,0.0545702592087312,59.8285714285714,0.57555143269429,103.95
"Test",0.867851639282477,0.984958988025939,36,732,70,698,31,693,5,39,0.584905660377359,0.942708333333333,0.442857142857143,0.557142857142857,0.00716332378223496,0.992836676217765,0.861111111111111,0.138888888888889,0.94672131147541,0.0532786885245902,61.8228571428571,0.561162646876933,110.169230769231
"Test",0.867640422213702,0.984931697580428,37,731,70,698,32,693,5,38,0.598130841121495,0.944010416666667,0.457142857142857,0.542857142857143,0.00716332378223496,0.992836676217765,0.864864864864865,0.135135135135135,0.948016415868673,0.0519835841313269,63.8171428571428,0.546773861059575,116.715789473684
"Test",0.863999015270197,0.984459348895211,38,730,70,698,33,693,5,37,0.611111111111111,0.9453125,0.471428571428571,0.528571428571429,0.00716332378223496,0.992836676217765,0.868421052631579,0.131578947368421,0.949315068493151,0.0506849315068493,65.8114285714286,0.532385075242218,123.616216216216
"Test",0.863866619001709,0.984442108532765,39,729,70,698,34,693,5,36,0.623853211009174,0.946614583333333,0.485714285714286,0.514285714285714,0.00716332378223496,0.992836676217765,0.871794871794872,0.128205128205128,0.950617283950617,0.0493827160493827,67.8057142857143,0.517996289424861,130.9
"Test",0.862751206619283,0.984296675851457,40,728,70,698,35,693,5,35,0.636363636363636,0.947916666666667,0.5,0.5,0.00716332378223496,0.992836676217765,0.875,0.125,0.951923076923077,0.0480769230769231,69.8,0.503607503607504,138.6
"Test",0.860560456323319,0.984010064033513,41,727,70,698,36,693,5,34,0.648648648648649,0.94921875,0.514285714285714,0.485714285714286,0.00716332378223496,0.992836676217765,0.878048780487805,0.121951219512195,0.953232462173315,0.046767537826685,71.7942857142857,0.489218717790146,146.752941176471
"Test",0.859304568884599,0.983845175244795,42,726,70,698,36,692,6,34,0.642857142857143,0.947916666666667,0.514285714285714,0.485714285714286,0.00859598853868195,0.991404011461318,0.857142857142857,0.142857142857143,0.953168044077135,0.046831955922865,59.8285714285714,0.489925681255161,122.117647058824
"Test",0.858961759757282,0.98380009277893,43,725,70,698,37,692,6,33,0.654867256637168,0.94921875,0.528571428571429,0.471428571428571,0.00859598853868195,0.991404011461318,0.86046511627907,0.13953488372093,0.95448275862069,0.0455172413793103,61.4904761904762,0.475516102394715,129.313131313131
"Test",0.857040239222987,0.983546804848549,44,724,70,698,38,692,6,32,0.666666666666667,0.950520833333333,0.542857142857143,0.457142857142857,0.00859598853868195,0.991404011461318,0.863636363636364,0.136363636363636,0.955801104972376,0.0441988950276243,63.1523809523809,0.461106523534269,136.958333333333
"Test",0.853667947409169,0.983099843224928,45,723,70,698,39,692,6,31,0.678260869565217,0.951822916666667,0.557142857142857,0.442857142857143,0.00859598853868195,0.991404011461318,0.866666666666667,0.133333333333333,0.957123098201936,0.0428769017980636,64.8142857142857,0.446696944673823,145.096774193548
"Test",0.852161833424287,0.982899213157864,46,722,70,698,40,692,6,30,0.689655172413793,0.953125,0.571428571428571,0.428571428571429,0.00859598853868195,0.991404011461318,0.869565217391304,0.130434782608696,0.958448753462604,0.0415512465373961,66.4761904761905,0.432287365813377,153.777777777778
"Test",0.8519634908775,0.982872745121721,47,721,70,698,41,692,6,29,0.700854700854701,0.954427083333333,0.585714285714286,0.414285714285714,0.00859598853868195,0.991404011461318,0.872340425531915,0.127659574468085,0.959778085991678,0.0402219140083218,68.1380952380952,0.417877786952931,163.057471264368
"Test",0.851486565959486,0.982809056729051,48,720,70,698,42,692,6,28,0.711864406779661,0.955729166666667,0.6,0.4,0.00859598853868195,0.991404011461318,0.875,0.125,0.961111111111111,0.0388888888888889,69.8,0.403468208092486,173
"Test",0.850485067042251,0.982675111356347,49,719,70,698,43,692,6,27,0.722689075630252,0.95703125,0.614285714285714,0.385714285714286,0.00859598853868195,0.991404011461318,0.877551020408163,0.122448979591837,0.962447844228095,0.0375521557719054,71.4619047619048,0.38905862923204,183.679012345679
"Test",0.835570763271337,0.98064687632451,50,718,70,698,44,692,6,26,0.733333333333333,0.958333333333333,0.628571428571429,0.371428571428571,0.00859598853868195,0.991404011461318,0.88,0.12,0.963788300835655,0.0362116991643454,73.1238095238095,0.374649050371594,195.179487179487
"Test",0.833329954906567,0.980336609760542,51,717,70,698,45,692,6,25,0.743801652892562,0.959635416666667,0.642857142857143,0.357142857142857,0.00859598853868195,0.991404011461318,0.882352941176471,0.117647058823529,0.96513249651325,0.0348675034867503,74.7857142857143,0.360239471511148,207.6
"Test",0.832731347982433,0.980253476261774,52,716,70,698,46,692,6,24,0.754098360655738,0.9609375,0.657142857142857,0.342857142857143,0.00859598853868195,0.991404011461318,0.884615384615385,0.115384615384615,0.966480446927374,0.0335195530726257,76.447619047619,0.345829892650702,221.055555555556
"Test",0.82853335863767,0.979667491766727,53,715,70,698,46,691,7,24,0.747967479674797,0.959635416666667,0.657142857142857,0.342857142857143,0.0100286532951289,0.989971346704871,0.867924528301887,0.132075471698113,0.966433566433566,0.0335664335664336,65.5265306122449,0.346330370064089,189.202380952381
"Test",0.827070861476503,0.979462115020333,54,714,70,698,47,691,7,23,0.758064516129032,0.9609375,0.671428571428571,0.328571428571429,0.0100286532951289,0.989971346704871,0.87037037037037,0.12962962962963,0.967787114845938,0.0322128851540616,66.9510204081633,0.331899937978086,201.72049689441
"Test",0.807925930067476,0.976713354320276,55,713,70,698,48,691,7,22,0.768,0.962239583333333,0.685714285714286,0.314285714285714,0.0100286532951289,0.989971346704871,0.872727272727273,0.127272727272727,0.96914446002805,0.0308555399719495,68.3755102040816,0.317469505892082,215.376623376623
"Test",0.804153642877627,0.976158186720417,56,712,70,698,49,691,7,21,0.777777777777778,0.963541666666667,0.7,0.3,0.0100286532951289,0.989971346704871,0.875,0.125,0.970505617977528,0.0294943820224719,69.8,0.303039073806078,230.333333333333
"Test",0.801691140493613,0.975793305766661,57,711,70,698,50,691,7,20,0.78740157480315,0.96484375,0.714285714285714,0.285714285714286,0.0100286532951289,0.989971346704871,0.87719298245614,0.12280701754386,0.971870604781997,0.0281293952180028,71.2244897959184,0.288608641720074,246.785714285714
"Test",0.800228277750355,0.975575613005294,58,710,70,698,51,691,7,19,0.796875,0.966145833333333,0.728571428571429,0.271428571428571,0.0100286532951289,0.989971346704871,0.879310344827586,0.120689655172414,0.973239436619718,0.0267605633802817,72.6489795918367,0.274178209634071,264.96992481203
"Test",0.782848798935757,0.972934832715615,59,709,70,698,52,691,7,18,0.806201550387597,0.967447916666667,0.742857142857143,0.257142857142857,0.0100286532951289,0.989971346704871,0.88135593220339,0.11864406779661,0.974612129760226,0.0253878702397743,74.0734693877551,0.259747777548067,285.174603174603
"Test",0.767713031109013,0.970549923210661,60,708,70,698,53,691,7,17,0.815384615384615,0.96875,0.757142857142857,0.242857142857143,0.0100286532951289,0.989971346704871,0.883333333333333,0.116666666666667,0.975988700564972,0.0240112994350282,75.4979591836735,0.245317345462063,307.756302521008
"Test",0.46155510339568,0.895260661481054,61,707,70,698,53,690,8,17,0.809160305343511,0.967447916666667,0.757142857142857,0.242857142857143,0.0114613180515759,0.988538681948424,0.868852459016393,0.131147540983607,0.975954738330976,0.024045261669024,66.0607142857143,0.245672877846791,268.897058823529
"Test",0.451837923812149,0.891531058625059,62,706,70,698,53,689,9,17,0.803030303030303,0.966145833333333,0.757142857142857,0.242857142857143,0.0128939828080229,0.987106017191977,0.854838709677419,0.145161290322581,0.975920679886686,0.0240793201133144,58.7206349206349,0.246029442255857,238.673202614379
"Test",0.38993575810333,0.864378355009664,63,705,70,698,53,688,10,17,0.796992481203007,0.96484375,0.757142857142857,0.242857142857143,0.0143266475644699,0.98567335243553,0.841269841269841,0.158730158730159,0.975886524822695,0.024113475177305,52.8485714285714,0.246387043189369,214.494117647059
"Test",0.345924190353702,0.840602825983384,64,704,70,698,53,687,11,17,0.791044776119403,0.963541666666667,0.757142857142857,0.242857142857143,0.0157593123209169,0.984240687679083,0.828125,0.171875,0.975852272727273,0.0241477272727273,48.0441558441558,0.246745685173633,194.711229946524
"Test",0.336583607159386,0.834956093658967,65,703,70,698,53,686,12,17,0.785185185185185,0.962239583333333,0.757142857142857,0.242857142857143,0.0171919770773639,0.982808022922636,0.815384615384615,0.184615384615385,0.975817923186344,0.0241820768136558,44.0404761904762,0.247105372761349,178.225490196078
"Test",0.32093255913528,0.824947586670185,66,702,70,698,53,685,13,17,0.779411764705882,0.9609375,0.757142857142857,0.242857142857143,0.0186246418338109,0.981375358166189,0.803030303030303,0.196969696969697,0.975783475783476,0.0242165242165242,40.6527472527472,0.247466110531804,164.276018099547
"Test",0.297701964636903,0.808680462979179,67,701,70,698,53,684,14,17,0.773722627737226,0.959635416666667,0.757142857142857,0.242857142857143,0.0200573065902579,0.979942693409742,0.791044776119403,0.208955223880597,0.975748930099857,0.0242510699001427,37.7489795918367,0.247827903091061,152.319327731092
"Test",0.279955647803753,0.794952750278486,68,700,70,698,53,683,15,17,0.768115942028986,0.958333333333333,0.757142857142857,0.242857142857143,0.0214899713467049,0.978510028653295,0.779411764705882,0.220588235294118,0.975714285714286,0.0242857142857143,35.232380952381,0.248190755072161,141.956862745098
"Test",0.273553120114615,0.7896894177218,69,699,70,698,53,682,16,17,0.762589928057554,0.95703125,0.757142857142857,0.242857142857143,0.0229226361031519,0.977077363896848,0.768115942028985,0.231884057971014,0.975679542203147,0.0243204577968526,33.0303571428571,0.248554671135316,132.889705882353
"Test",0.0638599297252763,0.40483739398885,70,698,70,698,53,681,17,17,0.757142857142857,0.955729166666667,0.757142857142857,0.242857142857143,0.0243553008595989,0.975644699140401,0.757142857142857,0.242857142857143,0.975644699140401,0.0243553008595989,31.0873949579832,0.248919655968114,124.889273356401
"Test",0.0607648065806532,0.392138664266838,71,697,70,698,53,680,18,17,0.75177304964539,0.954427083333333,0.757142857142857,0.242857142857143,0.0257879656160458,0.974212034383954,0.746478873239437,0.253521126760563,0.975609756097561,0.024390243902439,29.3603174603175,0.249285714285714,117.777777777778
"Test",0.0537786673271467,0.361727122466393,72,696,70,698,53,679,19,17,0.746478873239437,0.953125,0.757142857142857,0.242857142857143,0.0272206303724928,0.972779369627507,0.736111111111111,0.263888888888889,0.975574712643678,0.0244252873563218,27.815037593985,0.249652850831054,111.414860681115
"Test",0.0487901350239047,0.33838876139065,73,695,70,698,53,678,20,17,0.741258741258741,0.951822916666667,0.757142857142857,0.242857142857143,0.0286532951289398,0.97134670487106,0.726027397260274,0.273972602739726,0.975539568345324,0.0244604316546763,26.4242857142857,0.250021070375053,105.688235294118
"Test",0.0483987511128842,0.33649608936532,74,694,70,698,53,677,21,17,0.736111111111111,0.950520833333333,0.757142857142857,0.242857142857143,0.0300859598853868,0.969914040114613,0.716216216216216,0.283783783783784,0.975504322766571,0.0244956772334294,25.1659863945578,0.250390377716818,100.50700280112
"Test",0.0474970093355554,0.332099932339761,75,693,70,698,53,676,22,17,0.731034482758621,0.94921875,0.757142857142857,0.242857142857143,0.0315186246418338,0.968481375358166,0.706666666666667,0.293333333333333,0.975468975468975,0.0245310245310245,24.0220779220779,0.250760777683855,95.7967914438503
"Test",0.0470215685860475,0.329761929980749,76,692,70,698,53,675,23,17,0.726027397260274,0.947916666666667,0.757142857142857,0.242857142857143,0.0329512893982808,0.967048710601719,0.697368421052632,0.302631578947368,0.975433526011561,0.0245664739884393,22.9776397515528,0.251132275132275,91.4961636828644
"Test",0.046812535124298,0.328729552739853,77,691,70,698,53,674,24,17,0.72108843537415,0.946614583333333,0.757142857142857,0.242857142857143,0.0343839541547278,0.965616045845272,0.688311688311688,0.311688311688312,0.975397973950796,0.0246020260492041,22.0202380952381,0.251504874947011,87.5539215686274
"Test",0.0451102607498757,0.320219710864175,78,690,70,698,53,673,25,17,0.716216216216216,0.9453125,0.757142857142857,0.242857142857143,0.0358166189111748,0.964183381088825,0.67948717948718,0.320512820512821,0.97536231884058,0.0246376811594203,21.1394285714286,0.251878582042029,83.9270588235294
"Test",0.0446121408275601,0.317694452492413,79,689,70,698,53,672,26,17,0.711409395973154,0.944010416666667,0.757142857142857,0.242857142857143,0.0372492836676218,0.962750716332378,0.670886075949367,0.329113924050633,0.975326560232221,0.0246734397677794,20.3263736263736,0.252253401360544,80.579185520362
"Test",0.0445052063720547,0.317150236791258,80,688,70,698,53,671,27,17,0.706666666666667,0.942708333333333,0.757142857142857,0.242857142857143,0.0386819484240688,0.961318051575931,0.6625,0.3375,0.975290697674419,0.0247093023255814,19.573544973545,0.25262933787524,77.479302832244
"Test",0.0440809675154324,0.314983808128347,81,687,70,698,53,670,28,17,0.701986754966887,0.94140625,0.757142857142857,0.242857142857143,0.0401146131805158,0.959885386819484,0.654320987654321,0.345679012345679,0.975254730713246,0.024745269286754,18.8744897959184,0.253006396588486,74.6008403361344
"Test",0.043950171517696,0.314313496675908,82,686,70,698,53,669,29,17,0.697368421052632,0.940104166666667,0.757142857142857,0.242857142857143,0.0415472779369628,0.958452722063037,0.646341463414634,0.353658536585366,0.975218658892128,0.0247813411078717,18.223645320197,0.253384582532565,71.920892494929
"Test",0.0438001615048191,0.313543325660917,83,685,70,698,53,668,30,17,0.69281045751634,0.938802083333333,0.757142857142857,0.242857142857143,0.0429799426934097,0.95702005730659,0.63855421686747,0.36144578313253,0.975182481751825,0.0248175182481752,17.6161904761905,0.253763900769889,69.4196078431372
"Test",0.0435636122413557,0.312325822563404,84,684,70,698,53,667,31,17,0.688311688311688,0.9375,0.757142857142857,0.242857142857143,0.0444126074498567,0.955587392550143,0.630952380952381,0.369047619047619,0.975146198830409,0.0248538011695906,17.0479262672811,0.254144356393232,67.0796963946869
"Test",0.043010559222863,0.309464745963297,85,683,70,698,53,666,32,17,0.683870967741935,0.936197916666667,0.757142857142857,0.242857142857143,0.0458452722063037,0.954154727793696,0.623529411764706,0.376470588235294,0.97510980966325,0.0248901903367496,16.5151785714286,0.254525954525955,64.8860294117647
"Test",0.0415914515398112,0.302028764647363,86,682,70,698,53,665,33,17,0.679487179487179,0.934895833333333,0.757142857142857,0.242857142857143,0.0472779369627507,0.952722063037249,0.616279069767442,0.383720930232558,0.975073313782991,0.0249266862170088,16.0147186147186,0.254908700322234,62.825311942959
"Test",0.0408412916215452,0.298042017174458,87,681,70,698,53,664,34,17,0.67515923566879,0.93359375,0.757142857142857,0.242857142857143,0.0487106017191977,0.951289398280802,0.609195402298851,0.390804597701149,0.97503671071953,0.0249632892804699,15.5436974789916,0.255292598967298,60.8858131487889
"Test",0.0405983284170488,0.296742348870281,88,680,70,698,53,663,35,17,0.670886075949367,0.932291666666667,0.757142857142857,0.242857142857143,0.0501432664756447,0.949856733524355,0.602272727272727,0.397727272727273,0.975,0.025,15.0995918367347,0.255677655677656,59.0571428571429
"Test",0.0405778038324415,0.296632367691218,89,679,70,698,53,662,36,17,0.666666666666667,0.930989583333333,0.757142857142857,0.242857142857143,0.0515759312320917,0.948424068767908,0.595505617977528,0.404494382022472,0.974963181148748,0.0250368188512518,14.6801587301587,0.256063875701338,57.3300653594771
"Test",0.0401196501079236,0.294169594125909,90,678,70,698,53,661,37,17,0.6625,0.9296875,0.757142857142857,0.242857142857143,0.0530085959885387,0.946991404011461,0.588888888888889,0.411111111111111,0.974926253687316,0.0250737463126844,14.2833976833977,0.256451264318133,55.6963434022258
"Test",0.0401070352084408,0.294101572995605,91,677,70,698,53,660,38,17,0.658385093167702,0.928385416666667,0.757142857142857,0.242857142857143,0.0544412607449857,0.945558739255014,0.582417582417582,0.417582417582418,0.974889217134417,0.0251107828655835,13.9075187969925,0.256839826839827,54.1486068111455
"Test",0.0399571375347699,0.293292438352275,92,676,70,698,53,659,39,17,0.654320987654321,0.927083333333333,0.757142857142857,0.242857142857143,0.0558739255014327,0.944126074498567,0.576086956521739,0.423913043478261,0.974852071005917,0.0251479289940828,13.5509157509158,0.257229568610449,52.6802413273002
"Test",0.0390507458172626,0.288365479000706,93,675,70,698,53,658,40,17,0.650306748466258,0.92578125,0.757142857142857,0.242857142857143,0.0573065902578797,0.94269340974212,0.56989247311828,0.43010752688172,0.974814814814815,0.0251851851851852,13.2121428571429,0.257620495006513,51.2852941176471
"Test",0.0379933047903414,0.282541919341361,94,674,70,698,53,657,41,17,0.646341463414634,0.924479166666667,0.757142857142857,0.242857142857143,0.0587392550143266,0.941260744985673,0.563829787234043,0.436170212765957,0.974777448071217,0.0252225519287834,12.8898954703833,0.258012611437269,49.9583931133429
"Test",0.0379663317503721,0.282392294901625,95,673,70,698,53,656,42,17,0.642424242424242,0.923177083333333,0.757142857142857,0.242857142857143,0.0601719197707736,0.939828080229226,0.557894736842105,0.442105263157895,0.974739970282318,0.025260029717682,12.5829931972789,0.258405923344948,48.6946778711485
"Test",0.0378127477320442,0.281539305479266,96,672,70,698,53,655,43,17,0.63855421686747,0.921875,0.757142857142857,0.242857142857143,0.0616045845272206,0.938395415472779,0.552083333333333,0.447916666666667,0.974702380952381,0.025297619047619,12.290365448505,0.258800436205016,47.4897400820793
"Test",0.0376184791983532,0.280457841075104,97,671,70,698,53,654,44,17,0.634730538922156,0.920572916666667,0.757142857142857,0.242857142857143,0.0630372492836676,0.936962750716332,0.54639175257732,0.45360824742268,0.974664679582712,0.0253353204172876,12.011038961039,0.259196155526431,46.3395721925134
"Test",0.0371992187667916,0.278114247678816,98,670,70,698,53,653,45,17,0.630952380952381,0.919270833333333,0.757142857142857,0.242857142857143,0.0644699140401146,0.935530085959885,0.540816326530612,0.459183673469388,0.974626865671642,0.0253731343283582,11.744126984127,0.259593086851892,45.240522875817
"Test",0.0371541728259717,0.277861661995778,99,669,70,698,53,652,46,17,0.627218934911243,0.91796875,0.757142857142857,0.242857142857143,0.0659025787965616,0.934097421203438,0.535353535353535,0.464646464646465,0.974588938714499,0.0254110612855007,11.4888198757764,0.259991235758107,44.1892583120205
"Test",0.0369788794731034,0.276877282239828,100,668,70,698,53,651,47,17,0.623529411764706,0.916666666666667,0.757142857142857,0.242857142857143,0.0673352435530086,0.932664756446991,0.53,0.47,0.974550898203593,0.0254491017964072,11.244376899696,0.260390607856046,43.1827284105131
"Test",0.0362289640460123,0.272639666167126,106,662,70,698,54,646,52,16,0.613636363636364,0.911458333333333,0.771428571428571,0.228571428571429,0.0744985673352436,0.925501432664756,0.509433962264151,0.490566037735849,0.97583081570997,0.0241691842900302,10.3549450549451,0.246970367094206,41.9278846153846
"Test",0.0352402747733579,0.266986578648492,113,655,70,698,55,640,58,15,0.601092896174863,0.904947916666667,0.785714285714286,0.214285714285714,0.0830945558739255,0.916905444126075,0.486725663716814,0.513274336283186,0.977099236641221,0.0229007633587786,9.45566502463054,0.233705357142857,40.4597701149425
"Test",0.0340116931221464,0.259854777264706,120,648,70,698,55,633,65,15,0.578947368421053,0.895833333333333,0.785714285714286,0.214285714285714,0.0931232091690544,0.906876790830946,0.458333333333333,0.541666666666667,0.976851851851852,0.0231481481481481,8.43736263736264,0.236289776574137,35.7076923076923
"Test",0.0333702361427642,0.256083102392462,127,641,70,698,56,627,71,14,0.568527918781726,0.889322916666667,0.8,0.2,0.101719197707736,0.898280802292264,0.440944881889764,0.559055118110236,0.978159126365055,0.0218408736349454,7.86478873239437,0.222647527910686,35.3239436619718
"Test",0.032701796307437,0.252117061289776,134,634,70,698,56,620,78,14,0.549019607843137,0.880208333333333,0.8,0.2,0.111747851002865,0.888252148997135,0.417910447761194,0.582089552238806,0.977917981072555,0.0220820189274448,7.15897435897436,0.225161290322581,31.7948717948718
"Test",0.0323017142722821,0.249725619450232,141,627,70,698,56,613,85,14,0.530805687203792,0.87109375,0.8,0.2,0.121776504297994,0.878223495702006,0.397163120567376,0.602836879432624,0.977671451355662,0.0223285486443381,6.56941176470588,0.227732463295269,28.8470588235294
"Test",0.0314194461250715,0.244404638975207,148,620,70,698,56,606,92,14,0.513761467889908,0.861979166666667,0.8,0.2,0.131805157593123,0.868194842406877,0.378378378378378,0.621621621621622,0.97741935483871,0.0225806451612903,6.06956521739131,0.23036303630363,26.3478260869565
"Test",0.0309683003321939,0.241658295906343,155,613,70,698,56,599,99,14,0.497777777777778,0.852864583333333,0.8,0.2,0.141833810888252,0.858166189111748,0.361290322580645,0.638709677419355,0.977161500815661,0.0228384991843393,5.64040404040404,0.2330550918197,24.2020202020202
"Test",0.0305550669180391,0.239127433407629,162,606,70,698,59,595,103,11,0.508620689655172,0.8515625,0.842857142857143,0.157142857142857,0.14756446991404,0.85243553008596,0.364197530864198,0.635802469135803,0.981848184818482,0.0181518151815182,5.71178918169209,0.184345738295318,30.9841129744042
"Test",0.0303166909369092,0.237660781676676,169,599,70,698,59,588,110,11,0.493723849372385,0.842447916666667,0.842857142857143,0.157142857142857,0.157593123209169,0.842406876790831,0.349112426035503,0.650887573964497,0.981636060100167,0.0183639398998331,5.34831168831169,0.186540330417881,28.6710743801653
"Test",0.0300008345409462,0.235709803872414,176,592,70,698,59,581,117,11,0.479674796747968,0.833333333333333,0.842857142857143,0.157142857142857,0.167621776504298,0.832378223495702,0.335227272727273,0.664772727272727,0.981418918918919,0.0185810810810811,5.02832722832723,0.188787804278338,26.6348096348096
"Test",0.0295276502239899,0.232770688236421,183,585,70,698,60,575,123,10,0.474308300395257,0.826822916666667,0.857142857142857,0.142857142857143,0.17621776504298,0.82378223495702,0.327868852459016,0.672131147540984,0.982905982905983,0.0170940170940171,4.86411149825784,0.173416149068323,28.0487804878049
"Test",0.0291358592812811,0.230322164521704,190,578,70,698,61,569,129,9,0.469230769230769,0.8203125,0.871428571428571,0.128571428571429,0.184813753581662,0.815186246418338,0.321052631578947,0.678947368421053,0.984429065743945,0.0155709342560554,4.71517165005537,0.157720311323123,29.8957795004307
"Test",0.0289390794561862,0.229087220588571,197,571,70,698,62,563,135,8,0.464419475655431,0.813802083333333,0.885714285714286,0.114285714285714,0.193409742120344,0.806590257879656,0.314720812182741,0.685279187817259,0.985989492119089,0.0140105078809107,4.5794708994709,0.141689926414616,32.3203703703704
"Test",0.028525917818857,0.226483017947835,204,564,70,698,62,556,142,8,0.452554744525547,0.8046875,0.885714285714286,0.114285714285714,0.203438395415473,0.796561604584527,0.303921568627451,0.696078431372549,0.985815602836879,0.0141843971631206,4.35372233400402,0.143473792394656,30.3450704225352
"Test",0.0277519338759891,0.221562912635877,211,557,70,698,62,549,149,8,0.441281138790036,0.795572916666667,0.885714285714286,0.114285714285714,0.213467048710602,0.786532951289398,0.293838862559242,0.706161137440758,0.985637342908438,0.0143626570915619,4.14918504314477,0.145303148581837,28.5553691275168
"Test",0.027601056834664,0.220597430310359,218,550,70,698,62,542,156,8,0.430555555555556,0.786458333333333,0.885714285714286,0.114285714285714,0.223495702005731,0.776504297994269,0.284403669724771,0.715596330275229,0.985454545454545,0.0145454545454545,3.96300366300366,0.147179757511861,26.9262820512821
"Test",0.0272389927349895,0.218271965695264,225,543,70,698,62,535,163,8,0.420338983050847,0.77734375,0.885714285714286,0.114285714285714,0.23352435530086,0.76647564469914,0.275555555555556,0.724444444444444,0.985267034990792,0.0147329650092081,3.79281332164768,0.149105473965287,25.4371165644172
"Test",0.0269527012372722,0.216424560204687,232,536,70,698,64,530,168,6,0.423841059602649,0.7734375,0.914285714285714,0.0857142857142857,0.240687679083095,0.759312320916905,0.275862068965517,0.724137931034483,0.988805970149254,0.0111940298507463,3.79863945578231,0.11288409703504,33.6507936507937
"Test",0.0266353231053618,0.21436760398779,239,529,70,698,64,523,175,6,0.414239482200647,0.764322916666667,0.914285714285714,0.0857142857142857,0.250716332378223,0.749283667621776,0.267782426778243,0.732217573221757,0.988657844990548,0.0113421550094518,3.64669387755102,0.114394974050806,31.8780952380952
"Test",0.0263232139789084,0.2123355554453,246,522,70,698,64,516,182,6,0.405063291139241,0.755208333333333,0.914285714285714,0.0857142857142857,0.260744985673352,0.739255014326648,0.260162601626016,0.739837398373984,0.988505747126437,0.0114942528735632,3.50643642072214,0.115946843853821,30.2417582417582
"Test",0.0261923242800511,0.211480629592967,253,515,70,698,64,509,189,6,0.396284829721362,0.74609375,0.914285714285714,0.0857142857142857,0.270773638968481,0.729226361031519,0.25296442687747,0.74703557312253,0.988349514563107,0.0116504854368932,3.37656840513983,0.117541397698569,28.7266313932981
"Test",0.0257692972285986,0.208706411943781,260,508,70,698,65,503,195,5,0.393939393939394,0.739583333333333,0.928571428571429,0.0714285714285714,0.279369627507163,0.720630372492837,0.25,0.75,0.990157480314961,0.00984251968503937,3.32380952380952,0.0991195683044589,33.5333333333333
"Test",0.0254863189437365,0.206841069358862,267,501,70,698,65,496,202,5,0.385756676557864,0.73046875,0.928571428571429,0.0714285714285714,0.289398280802292,0.710601719197708,0.243445692883895,0.756554307116105,0.99001996007984,0.00998003992015968,3.20862800565771,0.100518433179723,31.9207920792079
"Test",0.0250284724985613,0.203806646354309,274,494,70,698,65,489,209,5,0.377906976744186,0.721354166666667,0.928571428571429,0.0714285714285714,0.299426934097421,0.700573065902579,0.237226277372263,0.762773722627737,0.989878542510121,0.0101214574898785,3.10116199589884,0.10195734735612,30.4162679425837
"Test",0.0248889493258397,0.202877891455688,281,487,70,698,65,482,216,5,0.37037037037037,0.712239583333333,0.928571428571429,0.0714285714285714,0.30945558739255,0.69054441260745,0.231316725978648,0.768683274021352,0.989733059548255,0.0102669404517454,3.00066137566138,0.103438055720213,29.0092592592593
"Test",0.0246621618571783,0.20136418758808,288,480,70,698,65,475,223,5,0.363128491620112,0.703125,0.928571428571429,0.0714285714285714,0.319484240687679,0.680515759312321,0.225694444444444,0.774305555555556,0.989583333333333,0.0104166666666667,2.90647021140295,0.104962406015038,27.6905829596413
"Test",0.0244571168181242,0.199991256543548,295,473,70,698,65,468,230,5,0.356164383561644,0.694010416666667,0.928571428571429,0.0714285714285714,0.329512893982808,0.670487106017192,0.220338983050847,0.779661016949153,0.989429175475687,0.0105708245243129,2.81801242236025,0.106532356532357,26.4521739130435
"Test",0.024086924137943,0.197502018728325,302,466,70,698,66,462,236,4,0.354838709677419,0.6875,0.942857142857143,0.0571428571428571,0.33810888252149,0.66189111747851,0.218543046357616,0.781456953642384,0.991416309012876,0.00858369098712446,2.78861985472155,0.0863327149041435,32.3008474576271
"Test",0.0239614953362267,0.196655527764846,309,459,70,698,66,455,243,4,0.348284960422164,0.678385416666667,0.942857142857143,0.0571428571428571,0.348137535816619,0.651862464183381,0.213592233009709,0.786407766990291,0.991285403050109,0.00871459694989107,2.70828924162257,0.0876609105180534,30.8950617283951
"Test",0.0236350184663509,0.19444483825921,316,452,70,698,66,448,250,4,0.341968911917098,0.669270833333333,0.942857142857143,0.0571428571428571,0.358166189111748,0.641833810888252,0.208860759493671,0.791139240506329,0.991150442477876,0.00884955752212389,2.63245714285714,0.0890306122448979,29.568
"Test",0.0234153532361286,0.19295138513071,323,445,70,698,66,441,257,4,0.33587786259542,0.66015625,0.942857142857143,0.0571428571428571,0.368194842406877,0.631805157593123,0.204334365325077,0.795665634674923,0.991011235955056,0.00898876404494382,2.56075597554197,0.0904437965662455,28.3132295719844
"Test",0.0231359491908461,0.191044738312783,330,438,70,698,66,434,264,4,0.33,0.651041666666667,0.942857142857143,0.0571428571428571,0.378223495702006,0.621776504297994,0.2,0.8,0.990867579908676,0.0091324200913242,2.49285714285714,0.0919025674786043,27.125
"Test",0.0229381472858473,0.189690150107982,337,431,70,698,66,427,271,4,0.324324324324324,0.641927083333333,0.942857142857143,0.0571428571428571,0.388252148997135,0.611747851002865,0.195845697329377,0.804154302670623,0.990719257540603,0.00928074245939675,2.4284659989457,0.0934091669454667,25.9981549815498
"Test",0.0228851359057789,0.189326439520936,344,424,70,698,67,421,277,3,0.323671497584541,0.635416666666667,0.957142857142857,0.0428571428571429,0.396848137535817,0.603151862464183,0.194767441860465,0.805232558139535,0.992924528301887,0.00707547169811321,2.41186178442496,0.0710553104852392,33.9434416365824
"Test",0.0226205279186022,0.187506666114353,351,417,70,698,67,414,284,3,0.318289786223278,0.626302083333333,0.957142857142857,0.0428571428571429,0.406876790830946,0.593123209169054,0.190883190883191,0.809116809116809,0.992805755395683,0.00719424460431655,2.35241448692153,0.0722567287784679,32.556338028169
"Test",0.0224598151058258,0.186397894951947,358,410,70,698,67,407,291,3,0.313084112149533,0.6171875,0.957142857142857,0.0428571428571429,0.416905444126074,0.583094555873925,0.187150837988827,0.812849162011173,0.992682926829268,0.00731707317073171,2.29582719685812,0.0734994734994735,31.2359679266896
"Test",0.0222803127800411,0.185156343175404,365,403,70,698,67,400,298,3,0.308045977011494,0.608072916666667,0.957142857142857,0.0428571428571429,0.426934097421203,0.573065902578797,0.183561643835616,0.816438356164384,0.992555831265509,0.00744416873449132,2.24189837008629,0.0747857142857143,29.9776286353468
"Test",0.0221334166372845,0.184137834125126,372,396,70,698,67,393,305,3,0.30316742081448,0.598958333333333,0.957142857142857,0.0428571428571429,0.436962750716332,0.563037249283668,0.18010752688172,0.81989247311828,0.992424242424242,0.00757575757575758,2.19044496487119,0.0761177753544166,28.7770491803279
"Test",0.0217490414121689,0.181462127740628,379,389,70,698,67,386,312,3,0.298440979955457,0.58984375,0.957142857142857,0.0428571428571429,0.446991404011461,0.553008595988539,0.176781002638522,0.823218997361478,0.992287917737789,0.0077120822622108,2.14130036630037,0.0774981495188749,27.6303418803419
"Test",0.0216307423236684,0.180635515914224,386,382,70,698,68,380,318,2,0.298245614035088,0.583333333333333,0.971428571428571,0.0285714285714286,0.455587392550143,0.544412607449857,0.176165803108808,0.823834196891192,0.994764397905759,0.00523560209424084,2.13225516621743,0.0524812030075188,40.6289308176101
"Test",0.0215328650549846,0.179950489382602,393,375,70,698,68,373,325,2,0.293736501079914,0.57421875,0.971428571428571,0.0285714285714286,0.465616045845272,0.534383954154728,0.173027989821883,0.826972010178117,0.994666666666667,0.00533333333333333,2.08632967032967,0.0534661049406358,39.0215384615385
"Test",0.0213044974902009,0.178348255826511,400,368,70,698,69,367,331,1,0.293617021276596,0.567708333333333,0.985714285714286,0.0142857142857143,0.474212034383954,0.525787965616046,0.1725,0.8275,0.997282608695652,0.00271739130434783,2.07863616745792,0.0271701050992604,76.5045317220544
"Test",0.0211955700839975,0.177582074831698,407,361,70,698,69,360,338,1,0.289308176100629,0.55859375,0.985714285714286,0.0142857142857143,0.484240687679083,0.515759312320917,0.16953316953317,0.83046683046683,0.997229916897507,0.00277008310249307,2.03558748943364,0.0276984126984127,73.491124260355
"Test",0.0210942901699992,0.176868555607793,414,354,70,698,69,353,345,1,0.285123966942149,0.549479166666667,0.985714285714286,0.0142857142857143,0.494269340974212,0.505730659025788,0.166666666666667,0.833333333333333,0.997175141242938,0.00282485875706215,1.99428571428571,0.0282476730068798,70.6
"Test",0.0208890922436343,0.175419584225519,421,347,70,698,69,346,352,1,0.281059063136456,0.540364583333333,0.985714285714286,0.0142857142857143,0.504297994269341,0.495702005730659,0.163895486935867,0.836104513064133,0.997118155619596,0.00288184438040346,1.95462662337662,0.0288191577208918,67.8238636363636
"Test",0.0206837652260959,0.173965197172022,428,340,70,698,69,339,359,1,0.27710843373494,0.53125,0.985714285714286,0.0142857142857143,0.51432664756447,0.48567335243553,0.161214953271028,0.838785046728972,0.997058823529412,0.00294117647058824,1.91651412654198,0.0294142435735356,65.1559888579387
"Test",0.0204240731911486,0.1721192422632,435,333,70,698,69,332,366,1,0.273267326732673,0.522135416666667,0.985714285714286,0.0142857142857143,0.524355300859599,0.475644699140401,0.158620689655172,0.841379310344828,0.996996996996997,0.003003003003003,1.87985948477752,0.0300344234079174,62.5901639344262
"Test",0.0201786637084674,0.170368118069877,442,326,70,698,69,325,373,1,0.26953125,0.513020833333333,0.985714285714286,0.0142857142857143,0.534383954154728,0.465616045845272,0.156108597285068,0.843891402714932,0.996932515337423,0.00306748466257669,1.84458062045193,0.0306813186813187,60.1206434316354
"Test",0.0200096112195738,0.169158038025843,449,319,70,698,69,318,380,1,0.265895953757225,0.50390625,0.985714285714286,0.0142857142857143,0.544412607449857,0.455587392550143,0.153674832962138,0.846325167037862,0.996865203761755,0.00313479623824451,1.8106015037594,0.0313566936208446,57.7421052631579
"Test",0.0198365362179611,0.167915936694004,456,312,70,698,69,311,387,1,0.262357414448669,0.494791666666667,0.985714285714286,0.0142857142857143,0.554441260744986,0.445558739255014,0.151315789473684,0.848684210526316,0.996794871794872,0.00320512820512821,1.77785160575858,0.0320624712907671,55.4496124031008
"Test",0.0196678335306283,0.166702058433235,463,305,70,698,69,304,394,1,0.25891181988743,0.485677083333333,0.985714285714286,0.0142857142857143,0.564469914040115,0.435530085959885,0.14902807775378,0.85097192224622,0.99672131147541,0.00327868852459016,1.74626540971719,0.0328007518796992,53.2385786802031
"Test",0.0194875625886262,0.16540148563224,470,298,70,698,69,297,401,1,0.255555555555556,0.4765625,0.985714285714286,0.0142857142857143,0.574498567335244,0.425501432664756,0.146808510638298,0.853191489361702,0.996644295302013,0.00335570469798658,1.71578197363734,0.0335738335738336,51.1047381546135
"Test",0.0193201454502543,0.164190436174101,477,291,70,698,69,290,408,1,0.252285191956124,0.467447916666667,0.985714285714286,0.0142857142857143,0.584527220630373,0.415472779369628,0.144654088050314,0.855345911949686,0.996563573883162,0.00343642611683849,1.68634453781513,0.034384236453202,49.0441176470588
"Test",0.0190903717862452,0.162523260092779,484,284,70,698,69,283,415,1,0.249097472924188,0.458333333333333,0.985714285714286,0.0142857142857143,0.594555873925501,0.405444126074499,0.142561983471074,0.857438016528926,0.996478873239437,0.00352112676056338,1.65790017211704,0.0352347299343766,47.0530120481928
"Test",0.0189980837069578,0.161851989519662,491,277,70,698,69,276,422,1,0.245989304812834,0.44921875,0.985714285714286,0.0142857142857143,0.60458452722063,0.39541547277937,0.140529531568228,0.859470468431772,0.996389891696751,0.0036101083032491,1.63039945836154,0.036128364389234,45.1279620853081
"Test",0.0186940570639908,0.15963387482857,498,270,70,698,69,269,429,1,0.242957746478873,0.440104166666667,0.985714285714286,0.0142857142857143,0.614613180515759,0.385386819484241,0.13855421686747,0.86144578313253,0.996296296296296,0.0037037037037037,1.6037962037962,0.037068507700478,43.2657342657343
"Test",0.0184887798168787,0.158130345537527,505,263,70,698,69,262,436,1,0.24,0.430989583333333,0.985714285714286,0.0142857142857143,0.624641833810888,0.375358166189112,0.136633663366337,0.863366336633663,0.996197718631179,0.00380228136882129,1.57804718217562,0.0380588876772083,41.4633027522936
"Test",0.0183230596412192,0.156913077783272,512,256,70,698,69,255,443,1,0.237113402061856,0.421875,0.985714285714286,0.0142857142857143,0.634670487106017,0.365329512893983,0.134765625,0.865234375,0.99609375,0.00390625,1.55311189938729,0.0391036414565826,39.7178329571106
"Test",0.0181357644120772,0.155533587008055,519,249,70,698,69,248,450,1,0.234295415959253,0.412760416666667,0.985714285714286,0.0142857142857143,0.644699140401146,0.355300859598854,0.132947976878613,0.867052023121387,0.995983935742972,0.00401606425702811,1.52895238095238,0.0402073732718894,38.0266666666667
"Test",0.0179490714293072,0.154154558260899,526,242,70,698,69,241,457,1,0.231543624161074,0.403645833333333,0.985714285714286,0.0142857142857143,0.654727793696275,0.345272206303725,0.131178707224335,0.868821292775665,0.995867768595041,0.00413223140495868,1.50553297905596,0.0413752222880854,36.3873085339169
"Test",0.0177306938035906,0.152536429825159,533,235,70,698,69,234,464,1,0.228855721393035,0.39453125,0.985714285714286,0.0142857142857143,0.664756446991404,0.335243553008596,0.129455909943715,0.870544090056285,0.995744680851064,0.00425531914893617,1.48282019704434,0.0426129426129426,34.7974137931035
"Test",0.0176055664976943,0.151606797474345,540,228,70,698,69,227,471,1,0.226229508196721,0.385416666666667,0.985714285714286,0.0142857142857143,0.674785100286533,0.325214899713467,0.127777777777778,0.872222222222222,0.995614035087719,0.0043859649122807,1.46078252957234,0.0439269981120201,33.2547770700637
"Test",0.0175032474802265,0.150845278487282,547,221,70,698,69,220,478,1,0.223662884927066,0.376302083333333,0.985714285714286,0.0142857142857143,0.684813753581662,0.315186246418338,0.126142595978062,0.873857404021938,0.995475113122172,0.00452488687782805,1.43939031679617,0.0453246753246753,31.7573221757322
"Test",0.0172862563311835,0.14922629605749,554,214,70,698,69,213,485,1,0.221153846153846,0.3671875,0.985714285714286,0.0142857142857143,0.694842406876791,0.305157593123209,0.124548736462094,0.875451263537906,0.995327102803738,0.00467289719626168,1.41861561119293,0.0468142186452046,30.3030927835052
"Test",0.0171305153787367,0.148060936566179,561,207,70,698,69,206,492,1,0.218700475435816,0.358072916666667,0.985714285714286,0.0142857142857143,0.70487106017192,0.29512893982808,0.122994652406417,0.877005347593583,0.995169082125604,0.00483091787439614,1.39843205574913,0.0484049930651872,28.890243902439
"Test",0.0169805036566305,0.146935775080714,568,200,70,698,69,199,499,1,0.216300940438872,0.348958333333333,0.985714285714286,0.0142857142857143,0.714899713467049,0.285100286532951,0.121478873239437,0.878521126760563,0.995,0.005,1.37881477240195,0.0501076812634602,27.5170340681363
"Test",0.0168891188034383,0.14624905476819,575,193,70,698,69,192,506,1,0.213953488372093,0.33984375,0.985714285714286,0.0142857142857143,0.724928366762178,0.275071633237822,0.12,0.88,0.994818652849741,0.00518134715025907,1.35974025974026,0.0519345238095238,26.1818181818182
"Test",0.0167498113543061,0.145200331935516,582,186,70,698,69,185,513,1,0.211656441717791,0.330729166666667,0.985714285714286,0.0142857142857143,0.734957020057307,0.265042979942693,0.118556701030928,0.881443298969072,0.994623655913978,0.00537634408602151,1.34118629908104,0.0538996138996139,24.8830409356725
"Test",0.0164644111884242,0.143044673173766,589,179,70,698,69,178,520,1,0.209408194233687,0.321614583333333,0.985714285714286,0.0142857142857143,0.744985673352435,0.255014326647564,0.117147707979626,0.882852292020374,0.994413407821229,0.00558659217877095,1.32313186813187,0.0560192616372392,23.6192307692308
"Test",0.0161744201936909,0.140844465476919,596,172,70,698,69,171,527,1,0.207207207207207,0.3125,0.985714285714286,0.0142857142857143,0.755014326647565,0.244985673352436,0.115771812080537,0.884228187919463,0.994186046511628,0.00581395348837209,1.30555706153429,0.058312447786132,22.3889943074004
"Test",0.0159592994154467,0.139205840104374,603,165,70,698,69,164,534,1,0.205052005943536,0.303385416666667,0.985714285714286,0.0142857142857143,0.765042979942693,0.234957020057307,0.114427860696517,0.885572139303483,0.993939393939394,0.00606060606060606,1.2884430176565,0.060801393728223,21.1910112359551
"Test",0.0157332881009004,0.137478288406091,610,158,70,698,69,157,541,1,0.202941176470588,0.294270833333333,0.985714285714286,0.0142857142857143,0.775071633237822,0.224928366762178,0.113114754098361,0.886885245901639,0.993670886075949,0.00632911392405063,1.27177185106945,0.0635122838944495,20.0240295748614
"Test",0.0153684250932618,0.13467641028648,617,151,70,698,69,150,548,1,0.200873362445415,0.28515625,0.985714285714286,0.0142857142857143,0.785100286532951,0.214899713467049,0.111831442463533,0.888168557536467,0.993377483443709,0.00662251655629139,1.25552659019812,0.0664761904761905,18.8868613138686
"Test",0.0151486461942798,0.132980877662338,624,144,70,698,69,143,555,1,0.198847262247839,0.276041666666667,0.985714285714286,0.0142857142857143,0.79512893982808,0.20487106017192,0.110576923076923,0.889423076923077,0.993055555555556,0.00694444444444444,1.23969111969112,0.0697302697302697,17.7783783783784
"Test",0.0149338096624771,0.131317775122436,631,137,70,698,69,136,562,1,0.196861626248217,0.266927083333333,0.985714285714286,0.0142857142857143,0.805157593123209,0.194842406876791,0.109350237717908,0.890649762282092,0.992700729927007,0.0072992700729927,1.2242501270971,0.0733193277310924,16.6975088967972
"Test",0.0146772962764993,0.129324621785779,638,130,70,698,69,129,569,1,0.194915254237288,0.2578125,0.985714285714286,0.0142857142857143,0.815186246418338,0.184813753581662,0.108150470219436,0.891849529780564,0.992307692307692,0.00769230769230769,1.20918905347728,0.0772978959025471,15.6432337434095
"Test",0.0142790334754447,0.12621393689976,645,123,70,698,69,122,576,1,0.193006993006993,0.248697916666667,0.985714285714286,0.0142857142857143,0.825214899713467,0.174785100286533,0.106976744186047,0.893023255813953,0.991869918699187,0.00813008130081301,1.19449404761905,0.0817330210772834,14.6145833333333
"Test",0.0140218469730199,0.124194654902012,652,116,70,698,69,115,583,1,0.191135734072022,0.239583333333333,0.985714285714286,0.0142857142857143,0.835243553008596,0.164756446991404,0.105828220858896,0.894171779141104,0.991379310344828,0.00862068965517241,1.18015192354815,0.0867080745341615,13.6106346483705
"Test",0.0136042475210947,0.120898211892483,659,109,70,698,69,108,590,1,0.189300411522634,0.23046875,0.985714285714286,0.0142857142857143,0.845272206303725,0.154727793696275,0.104704097116844,0.895295902883156,0.990825688073395,0.00917431192660551,1.16615012106538,0.0923280423280423,12.6305084745763
"Test",0.013357191780702,0.118937620892403,666,102,70,698,70,102,596,0,0.190217391304348,0.223958333333333,1,0,0.853868194842407,0.146131805157593,0.105105105105105,0.894894894894895,1,0,1.17114093959732,0,Inf
"Test",0.0128670624826648,0.115024978836218,673,95,70,698,70,95,603,0,0.18842530282638,0.21484375,1,0,0.863896848137536,0.136103151862464,0.104011887072808,0.895988112927192,1,0,1.1575456053068,0,Inf
"Test",0.0124479770943548,0.111654923843035,680,88,70,698,70,88,610,0,0.186666666666667,0.205729166666667,1,0,0.873925501432665,0.126074498567335,0.102941176470588,0.897058823529412,1,0,1.14426229508197,0,Inf
"Test",0.0119244223318318,0.107412619798413,687,81,70,698,70,81,617,0,0.184940554821664,0.196614583333333,1,0,0.883954154727794,0.116045845272206,0.101892285298399,0.898107714701601,1,0,1.13128038897893,0,Inf
"Test",0.0113430992220592,0.102659847069419,694,74,70,698,70,74,624,0,0.183246073298429,0.1875,1,0,0.893982808022923,0.106017191977077,0.100864553314121,0.899135446685879,1,0,1.11858974358974,0,Inf
"Test",0.00829563003910533,0.0769894465827766,701,67,70,698,70,67,631,0,0.181582360570687,0.178385416666667,1,0,0.904011461318052,0.0959885386819484,0.0998573466476462,0.900142653352354,1,0,1.10618066561014,0,Inf
"Test",0.00287437285742845,0.027941080543341,708,60,70,698,70,60,638,0,0.179948586118252,0.169270833333333,1,0,0.91404011461318,0.0859598853868195,0.0988700564971751,0.901129943502825,1,0,1.09404388714734,0,Inf
"Test",0.00242708964752576,0.023685805401104,715,53,70,698,70,53,645,0,0.178343949044586,0.16015625,1,0,0.924068767908309,0.0759312320916905,0.0979020979020979,0.902097902097902,1,0,1.08217054263566,0,Inf
"Test",0.00223298831767897,0.0218287853752036,722,46,70,698,70,46,652,0,0.176767676767677,0.151041666666667,1,0,0.934097421203438,0.0659025787965616,0.0969529085872576,0.903047091412742,1,0,1.07055214723926,0,Inf
"Test",0.0020489011372905,0.0200617056888962,729,39,70,698,70,39,659,0,0.175219023779725,0.141927083333333,1,0,0.944126074498567,0.0558739255014327,0.0960219478737997,0.9039780521262,1,0,1.05918057663126,0,Inf
"Test",0.00185199694125862,0.0181652387144803,736,32,70,698,70,32,666,0,0.173697270471464,0.1328125,1,0,0.954154727793696,0.0458452722063037,0.0951086956521739,0.904891304347826,1,0,1.04804804804805,0,Inf
"Test",0.00172377385663734,0.0169267209852841,743,25,70,698,70,25,673,0,0.17220172201722,0.123697916666667,1,0,0.964183381088825,0.0358166189111748,0.0942126514131898,0.90578734858681,1,0,1.037147102526,0,Inf
"Test",0.00152948913453441,0.0150447520437358,750,18,70,698,70,18,680,0,0.170731707317073,0.114583333333333,1,0,0.974212034383954,0.0257879656160458,0.0933333333333333,0.906666666666667,1,0,1.02647058823529,0,Inf
"Test",0.00138984380564475,0.0136880534765882,757,11,70,698,70,11,687,0,0.169286577992745,0.10546875,1,0,0.984240687679083,0.0157593123209169,0.0924702774108322,0.907529722589168,1,0,1.01601164483261,0,Inf
"Test",0.0012633682859701,0.0124564030313086,764,4,70,698,70,4,694,0,0.167865707434053,0.0963541666666667,1,0,0.994269340974212,0.00573065902578797,0.0916230366492147,0.908376963350785,1,0,1.00576368876081,0,Inf
"Test",0.00106714148652054,0.0105400172637927,768,0,70,698,70,0,698,0,0.167064439140811,0.0911458333333333,1,0,1,0,0.0911458333333333,0.908854166666667,NA,NA,1,NA,NA
"Train",0.93919197350753,0.993487792129007,1,2305,212,2094,1,2094,0,211,0.00938967136150235,0.908499566348656,0.00471698113207547,0.995283018867924,0,1,1,0,0.908459869848156,0.0915401301518438,Inf,0.995283018867924,Inf
"Train",0.939052870382985,0.993472031634782,2,2304,212,2094,2,2094,0,210,0.0186915887850467,0.908933217692975,0.00943396226415094,0.990566037735849,0,1,1,0,0.908854166666667,0.0911458333333333,Inf,0.990566037735849,Inf
"Train",0.9371708065563,0.993258381771619,3,2303,212,2094,3,2094,0,209,0.027906976744186,0.909366869037294,0.0141509433962264,0.985849056603774,0,1,1,0,0.909248805905341,0.0907511940946591,Inf,0.985849056603774,Inf
"Train",0.936680869806903,0.993202638956032,4,2302,212,2094,4,2094,0,208,0.037037037037037,0.909800520381613,0.0188679245283019,0.981132075471698,0,1,1,0,0.909643788010426,0.0903562119895743,Inf,0.981132075471698,Inf
"Train",0.934432611809714,0.992946173271459,5,2301,212,2094,5,2094,0,207,0.0460829493087558,0.910234171725932,0.0235849056603774,0.976415094339623,0,1,1,0,0.910039113428944,0.0899608865710561,Inf,0.976415094339623,Inf
"Train",0.933128819859343,0.992796940561455,6,2300,212,2094,6,2094,0,206,0.055045871559633,0.910667823070252,0.0283018867924528,0.971698113207547,0,1,1,0,0.910434782608696,0.0895652173913044,Inf,0.971698113207547,Inf
"Train",0.932757965346978,0.992754424361262,7,2299,212,2094,7,2094,0,205,0.0639269406392694,0.911101474414571,0.0330188679245283,0.966981132075472,0,1,1,0,0.91083079599826,0.0891692040017399,Inf,0.966981132075472,Inf
"Train",0.932495296213898,0.992724292699139,8,2298,212,2094,8,2094,0,204,0.0727272727272727,0.91153512575889,0.0377358490566038,0.962264150943396,0,1,1,0,0.911227154046997,0.0887728459530026,Inf,0.962264150943396,Inf
"Train",0.93232540358123,0.992704795674898,9,2297,212,2094,9,2094,0,203,0.081447963800905,0.911968777103209,0.0424528301886792,0.957547169811321,0,1,1,0,0.91162385720505,0.0883761427949499,Inf,0.957547169811321,Inf
"Train",0.931610775961577,0.992622714930056,10,2296,212,2094,10,2094,0,202,0.0900900900900901,0.912402428447528,0.0471698113207547,0.952830188679245,0,1,1,0,0.912020905923345,0.0879790940766551,Inf,0.952830188679245,Inf
"Train",0.930964279770265,0.992548362782052,11,2295,212,2094,11,2094,0,201,0.0986547085201794,0.912836079791847,0.0518867924528302,0.94811320754717,0,1,1,0,0.912418300653595,0.0875816993464052,Inf,0.94811320754717,Inf
"Train",0.925813994036497,0.991952733000489,12,2294,212,2094,12,2094,0,200,0.107142857142857,0.913269731136166,0.0566037735849057,0.943396226415094,0,1,1,0,0.9128160418483,0.0871839581517001,Inf,0.943396226415094,Inf
"Train",0.925368072013863,0.991900884152838,13,2293,212,2094,13,2094,0,199,0.115555555555556,0.913703382480486,0.0613207547169811,0.938679245283019,0,1,1,0,0.91321412996075,0.0867858700392499,Inf,0.938679245283019,Inf
"Train",0.924696983700465,0.991822770443818,14,2292,212,2094,14,2094,0,198,0.123893805309734,0.914137033824805,0.0660377358490566,0.933962264150943,0,1,1,0,0.913612565445026,0.0863874345549738,Inf,0.933962264150943,Inf
"Train",0.924248568257706,0.991770519181607,15,2291,212,2094,15,2094,0,197,0.13215859030837,0.914570685169124,0.0707547169811321,0.929245283018868,0,1,1,0,0.914011348756002,0.0859886512439983,Inf,0.929245283018868,Inf
"Train",0.924134667517366,0.991757239787637,16,2290,212,2094,16,2094,0,196,0.140350877192982,0.915004336513443,0.0754716981132075,0.924528301886792,0,1,1,0,0.914410480349345,0.085589519650655,Inf,0.924528301886792,Inf
"Train",0.923695377969857,0.991705996812193,17,2289,212,2094,17,2094,0,195,0.148471615720524,0.915437987857762,0.080188679245283,0.919811320754717,0,1,1,0,0.91480996068152,0.0851900393184797,Inf,0.919811320754717,Inf
"Train",0.923274827760222,0.991656899055558,18,2288,212,2094,18,2094,0,194,0.156521739130435,0.915871639202081,0.0849056603773585,0.915094339622642,0,1,1,0,0.91520979020979,0.0847902097902098,Inf,0.915094339622642,Inf
"Train",0.92156126737666,0.991456434100351,19,2287,212,2094,19,2094,0,193,0.164502164502165,0.916305290546401,0.089622641509434,0.910377358490566,0,1,1,0,0.915609969392217,0.0843900306077831,Inf,0.910377358490566,Inf
"Train",0.920571969057543,0.991340395913615,20,2286,212,2094,20,2094,0,192,0.172413793103448,0.91673894189072,0.0943396226415094,0.905660377358491,0,1,1,0,0.916010498687664,0.083989501312336,Inf,0.905660377358491,Inf
"Train",0.9188299994818,0.99113553331089,21,2285,212,2094,21,2094,0,191,0.180257510729614,0.917172593235039,0.0990566037735849,0.900943396226415,0,1,1,0,0.916411378555799,0.0835886214442013,Inf,0.900943396226415,Inf
"Train",0.918767713647143,0.991128195433378,22,2284,212,2094,22,2094,0,190,0.188034188034188,0.917606244579358,0.10377358490566,0.89622641509434,0,1,1,0,0.916812609457093,0.0831873905429072,Inf,0.89622641509434,Inf
"Train",0.917315565011478,0.990956866642797,23,2283,212,2094,23,2094,0,189,0.195744680851064,0.918039895923677,0.108490566037736,0.891509433962264,0,1,1,0,0.917214191852825,0.0827858081471748,Inf,0.891509433962264,Inf
"Train",0.916414002183499,0.990850254302139,24,2282,212,2094,24,2094,0,188,0.203389830508475,0.918473547267997,0.113207547169811,0.886792452830189,0,1,1,0,0.917616126205083,0.0823838737949167,Inf,0.886792452830189,Inf
"Train",0.915581114950636,0.990751596905262,25,2281,212,2094,25,2094,0,187,0.210970464135021,0.918907198612316,0.117924528301887,0.882075471698113,0,1,1,0,0.918018412976765,0.0819815870232354,Inf,0.882075471698113,Inf
"Train",0.9150048284295,0.990683240843946,26,2280,212,2094,26,2094,0,186,0.218487394957983,0.919340849956635,0.122641509433962,0.877358490566038,0,1,1,0,0.918421052631579,0.0815789473684211,Inf,0.877358490566038,Inf
"Train",0.914908956046124,0.990671861529807,27,2279,212,2094,27,2094,0,185,0.225941422594142,0.919774501300954,0.127358490566038,0.872641509433962,0,1,1,0,0.91882404563405,0.08117595436595,Inf,0.872641509433962,Inf
"Train",0.913512268091039,0.990505844294042,28,2278,212,2094,28,2094,0,184,0.233333333333333,0.920208152645273,0.132075471698113,0.867924528301887,0,1,1,0,0.919227392449517,0.0807726075504829,Inf,0.867924528301887,Inf
"Train",0.912024939376402,0.9903285554567,29,2277,212,2094,29,2094,0,183,0.240663900414938,0.920641803989592,0.136792452830189,0.863207547169811,0,1,1,0,0.919631093544137,0.080368906455863,Inf,0.863207547169811,Inf
"Train",0.911677613068191,0.990287080181744,30,2276,212,2094,30,2094,0,182,0.247933884297521,0.921075455333912,0.141509433962264,0.858490566037736,0,1,1,0,0.920035149384886,0.0799648506151142,Inf,0.858490566037736,Inf
"Train",0.911054989661928,0.990212660410124,31,2275,212,2094,31,2094,0,181,0.255144032921811,0.921509106678231,0.14622641509434,0.85377358490566,0,1,1,0,0.92043956043956,0.0795604395604396,Inf,0.85377358490566,Inf
"Train",0.910905288659163,0.990194753725937,32,2274,212,2094,32,2094,0,180,0.262295081967213,0.92194275802255,0.150943396226415,0.849056603773585,0,1,1,0,0.920844327176781,0.079155672823219,Inf,0.849056603773585,Inf
"Train",0.910801612527291,0.990182349297554,33,2273,212,2094,33,2094,0,179,0.269387755102041,0.922376409366869,0.155660377358491,0.844339622641509,0,1,1,0,0.921249450065992,0.0787505499340079,Inf,0.844339622641509,Inf
"Train",0.910364802285175,0.990130059113151,34,2272,212,2094,34,2094,0,178,0.276422764227642,0.922810060711188,0.160377358490566,0.839622641509434,0,1,1,0,0.921654929577465,0.0783450704225352,Inf,0.839622641509434,Inf
"Train",0.910031570901865,0.99009013822982,35,2271,212,2094,35,2094,0,177,0.283400809716599,0.923243712055507,0.165094339622642,0.834905660377358,0,1,1,0,0.922060766182299,0.0779392338177015,Inf,0.834905660377358,Inf
"Train",0.91002004515919,0.990088756988542,36,2270,212,2094,36,2094,0,176,0.290322580645161,0.923677363399827,0.169811320754717,0.830188679245283,0,1,1,0,0.922466960352423,0.0775330396475771,Inf,0.830188679245283,Inf
"Train",0.909593359466887,0.99003760119309,37,2269,212,2094,37,2094,0,175,0.29718875502008,0.924111014744146,0.174528301886792,0.825471698113208,0,1,1,0,0.922873512560599,0.0771264874394006,Inf,0.825471698113208,Inf
"Train",0.908531020039196,0.989910050487473,38,2268,212,2094,38,2094,0,174,0.304,0.924544666088465,0.179245283018868,0.820754716981132,0,1,1,0,0.923280423280423,0.0767195767195767,Inf,0.820754716981132,Inf
"Train",0.907708114099406,0.989811065019403,39,2267,212,2094,39,2094,0,173,0.310756972111554,0.924978317432784,0.183962264150943,0.816037735849057,0,1,1,0,0.923687692986326,0.0763123070136745,Inf,0.816037735849057,Inf
"Train",0.907431776996945,0.98977778924355,40,2266,212,2094,40,2094,0,172,0.317460317460317,0.925411968777103,0.188679245283019,0.811320754716981,0,1,1,0,0.924095322153575,0.0759046778464254,Inf,0.811320754716981,Inf
"Train",0.907136950340184,0.989742267120729,41,2265,212,2094,41,2094,0,171,0.324110671936759,0.925845620121422,0.193396226415094,0.806603773584906,0,1,1,0,0.924503311258278,0.0754966887417219,Inf,0.806603773584906,Inf
"Train",0.906297723449904,0.989641040522457,42,2264,212,2094,42,2094,0,170,0.330708661417323,0.926279271465742,0.19811320754717,0.80188679245283,0,1,1,0,0.924911660777385,0.0750883392226148,Inf,0.80188679245283,Inf
"Train",0.905906735520403,0.989593823039852,43,2263,212,2094,43,2094,0,169,0.337254901960784,0.926712922810061,0.202830188679245,0.797169811320755,0,1,1,0,0.925320371188688,0.0746796288113124,Inf,0.797169811320755,Inf
"Train",0.905779697314611,0.989578473524073,44,2262,212,2094,44,2094,0,168,0.34375,0.92714657415438,0.207547169811321,0.792452830188679,0,1,1,0,0.925729442970822,0.0742705570291777,Inf,0.792452830188679,Inf
"Train",0.905162708309524,0.989503870727096,45,2261,212,2094,45,2094,0,167,0.350194552529183,0.927580225498699,0.212264150943396,0.787735849056604,0,1,1,0,0.926138876603273,0.0738611233967271,Inf,0.787735849056604,Inf
"Train",0.904211209343545,0.989388643427818,46,2260,212,2094,46,2094,0,166,0.356589147286822,0.928013876843018,0.216981132075472,0.783018867924528,0,1,1,0,0.926548672566372,0.0734513274336283,Inf,0.783018867924528,Inf
"Train",0.903832197328317,0.989342684685587,47,2259,212,2094,47,2094,0,165,0.362934362934363,0.928447528187337,0.221698113207547,0.778301886792453,0,1,1,0,0.926958831341301,0.0730411686586985,Inf,0.778301886792453,Inf
"Train",0.903211986725676,0.989267404389999,48,2258,212,2094,48,2094,0,164,0.369230769230769,0.928881179531656,0.226415094339623,0.773584905660377,0,1,1,0,0.927369353410097,0.0726306465899026,Inf,0.773584905660377,Inf
"Train",0.902760764679841,0.989212577898506,49,2257,212,2094,49,2094,0,163,0.375478927203065,0.929314830875976,0.231132075471698,0.768867924528302,0,1,1,0,0.927780239255649,0.0722197607443509,Inf,0.768867924528302,Inf
"Train",0.901989264483339,0.989118722505504,50,2256,212,2094,50,2094,0,162,0.381679389312977,0.929748482220295,0.235849056603774,0.764150943396226,0,1,1,0,0.928191489361702,0.0718085106382979,Inf,0.764150943396226,Inf
"Train",0.901881526414052,0.989105604476177,51,2255,212,2094,51,2094,0,161,0.387832699619772,0.930182133564614,0.240566037735849,0.759433962264151,0,1,1,0,0.92860310421286,0.0713968957871397,Inf,0.759433962264151,Inf
"Train",0.901547981266175,0.989064974837527,52,2254,212,2094,52,2094,0,160,0.393939393939394,0.930615784908933,0.245283018867925,0.754716981132076,0,1,1,0,0.929015084294587,0.0709849157054126,Inf,0.754716981132076,Inf
"Train",0.900607951929765,0.988950324518278,53,2253,212,2094,53,2094,0,159,0.4,0.931049436253252,0.25,0.75,0,1,1,0,0.929427430093209,0.0705725699067909,Inf,0.75,Inf
"Train",0.900509350547883,0.988938286310104,54,2252,212,2094,54,2094,0,158,0.406015037593985,0.931483087597572,0.254716981132075,0.745283018867924,0,1,1,0,0.929840142095915,0.0701598579040853,Inf,0.745283018867924,Inf
"Train",0.899981615354686,0.988873815452982,55,2251,212,2094,55,2094,0,157,0.411985018726592,0.931916738941891,0.259433962264151,0.740566037735849,0,1,1,0,0.93025322079076,0.0697467792092403,Inf,0.740566037735849,Inf
"Train",0.899892048106244,0.988862866784388,56,2250,212,2094,56,2094,0,156,0.417910447761194,0.93235039028621,0.264150943396226,0.735849056603774,0,1,1,0,0.930666666666667,0.0693333333333333,Inf,0.735849056603774,Inf
"Train",0.899277861242155,0.988787736586717,57,2249,212,2094,57,2094,0,155,0.423791821561338,0.932784041630529,0.268867924528302,0.731132075471698,0,1,1,0,0.931080480213428,0.0689195197865718,Inf,0.731132075471698,Inf
"Train",0.899162148209068,0.988773571818762,58,2248,212,2094,58,2094,0,154,0.42962962962963,0.933217692974848,0.273584905660377,0.726415094339623,0,1,1,0,0.931494661921708,0.0685053380782918,Inf,0.726415094339623,Inf
"Train",0.898428428137224,0.988683679559227,59,2247,212,2094,59,2094,0,153,0.435424354243542,0.933651344319167,0.278301886792453,0.721698113207547,0,1,1,0,0.931909212283044,0.0680907877169559,Inf,0.721698113207547,Inf
"Train",0.897294753049222,0.98854452969861,60,2246,212,2094,60,2094,0,152,0.441176470588235,0.934084995663487,0.283018867924528,0.716981132075472,0,1,1,0,0.932324131789849,0.0676758682101514,Inf,0.716981132075472,Inf
"Train",0.897125310878168,0.98852370514127,61,2245,212,2094,61,2094,0,151,0.446886446886447,0.934518647007806,0.287735849056604,0.712264150943396,0,1,1,0,0.932739420935412,0.067260579064588,Inf,0.712264150943396,Inf
"Train",0.896910294643875,0.988497269437367,62,2244,212,2094,62,2094,0,150,0.452554744525547,0.934952298352125,0.292452830188679,0.707547169811321,0,1,1,0,0.933155080213904,0.0668449197860963,Inf,0.707547169811321,Inf
"Train",0.896485283428385,0.988444982238566,63,2243,212,2094,63,2094,0,149,0.458181818181818,0.935385949696444,0.297169811320755,0.702830188679245,0,1,1,0,0.933571110120375,0.0664288898796255,Inf,0.702830188679245,Inf
"Train",0.89637180309814,0.98843101381846,64,2242,212,2094,64,2094,0,148,0.463768115942029,0.935819601040763,0.30188679245283,0.69811320754717,0,1,1,0,0.933987511150758,0.0660124888492418,Inf,0.69811320754717,Inf
"Train",0.896038883810185,0.988390016277224,65,2241,212,2094,65,2094,0,147,0.469314079422383,0.936253252385082,0.306603773584906,0.693396226415094,0,1,1,0,0.934404283801874,0.0655957161981258,Inf,0.693396226415094,Inf
"Train",0.896031221933028,0.988389072432279,66,2240,212,2094,66,2094,0,146,0.474820143884892,0.936686903729402,0.311320754716981,0.688679245283019,0,1,1,0,0.934821428571429,0.0651785714285714,Inf,0.688679245283019,Inf
"Train",0.895247107393809,0.98829240370216,67,2239,212,2094,67,2094,0,145,0.480286738351255,0.937120555073721,0.316037735849057,0.683962264150943,0,1,1,0,0.935238945958017,0.064761054041983,Inf,0.683962264150943,Inf
"Train",0.894810784669788,0.98823854695412,68,2238,212,2094,68,2094,0,144,0.485714285714286,0.93755420641804,0.320754716981132,0.679245283018868,0,1,1,0,0.935656836461126,0.064343163538874,Inf,0.679245283018868,Inf
"Train",0.894279190153387,0.988172867421092,69,2237,212,2094,69,2094,0,143,0.491103202846975,0.937987857762359,0.325471698113208,0.674528301886792,0,1,1,0,0.936075100581135,0.0639248994188645,Inf,0.674528301886792,Inf
"Train",0.894091741423455,0.98814969122579,70,2236,212,2094,70,2094,0,142,0.49645390070922,0.938421509106678,0.330188679245283,0.669811320754717,0,1,1,0,0.93649373881932,0.0635062611806798,Inf,0.669811320754717,Inf
"Train",0.894082548346827,0.988148554370096,71,2235,212,2094,71,2094,0,141,0.501766784452297,0.938855160450997,0.334905660377358,0.665094339622642,0,1,1,0,0.936912751677852,0.0630872483221477,Inf,0.665094339622642,Inf
"Train",0.894047693790614,0.988144243916038,72,2234,212,2094,72,2094,0,140,0.507042253521127,0.939288811795317,0.339622641509434,0.660377358490566,0,1,1,0,0.937332139659803,0.062667860340197,Inf,0.660377358490566,Inf
"Train",0.89364023108258,0.988093830957599,73,2233,212,2094,73,2094,0,139,0.512280701754386,0.939722463139636,0.344339622641509,0.655660377358491,0,1,1,0,0.937751903269145,0.0622480967308554,Inf,0.655660377358491,Inf
"Train",0.89340706350597,0.988064964138123,74,2232,212,2094,74,2094,0,138,0.517482517482517,0.940156114483955,0.349056603773585,0.650943396226415,0,1,1,0,0.938172043010753,0.0618279569892473,Inf,0.650943396226415,Inf
"Train",0.892508477819403,0.987953591375545,75,2231,212,2094,75,2094,0,137,0.522648083623693,0.940589765828274,0.35377358490566,0.64622641509434,0,1,1,0,0.938592559390408,0.0614074406095921,Inf,0.64622641509434,Inf
"Train",0.892431266636322,0.987944012354206,76,2230,212,2094,76,2094,0,136,0.527777777777778,0.941023417172593,0.358490566037736,0.641509433962264,0,1,1,0,0.939013452914798,0.0609865470852018,Inf,0.641509433962264,Inf
"Train",0.892416657878935,0.987942199787975,77,2229,212,2094,77,2094,0,135,0.532871972318339,0.941457068516912,0.363207547169811,0.636792452830189,0,1,1,0,0.939434724091521,0.0605652759084791,Inf,0.636792452830189,Inf
"Train",0.891890825542787,0.987876922592835,78,2228,212,2094,78,2094,0,134,0.537931034482759,0.941890719861232,0.367924528301887,0.632075471698113,0,1,1,0,0.939856373429084,0.0601436265709156,Inf,0.632075471698113,Inf
"Train",0.891735535687153,0.987857631727953,79,2227,212,2094,79,2094,0,133,0.542955326460481,0.942324371205551,0.372641509433962,0.627358490566038,0,1,1,0,0.940278401436911,0.0597215985630894,Inf,0.627358490566038,Inf
"Train",0.891079625693759,0.987776085531167,80,2226,212,2094,80,2094,0,132,0.547945205479452,0.94275802254987,0.377358490566038,0.622641509433962,0,1,1,0,0.940700808625337,0.0592991913746631,Inf,0.622641509433962,Inf
"Train",0.89051387961922,0.98770566333289,81,2225,212,2094,81,2094,0,131,0.552901023890785,0.943191673894189,0.382075471698113,0.617924528301887,0,1,1,0,0.941123595505618,0.058876404494382,Inf,0.617924528301887,Inf
"Train",0.890377062910798,0.987688620913075,82,2224,212,2094,82,2094,0,130,0.557823129251701,0.943625325238508,0.386792452830189,0.613207547169811,0,1,1,0,0.941546762589928,0.0584532374100719,Inf,0.613207547169811,Inf
"Train",0.890099195448383,0.987653994350452,83,2223,212,2094,83,2094,0,129,0.56271186440678,0.944058976582827,0.391509433962264,0.608490566037736,0,1,1,0,0.941970310391363,0.058029689608637,Inf,0.608490566037736,Inf
"Train",0.890098369510461,0.987653891397269,84,2222,212,2094,84,2094,0,128,0.567567567567568,0.944492627927147,0.39622641509434,0.60377358490566,0,1,1,0,0.942394239423942,0.0576057605760576,Inf,0.60377358490566,Inf
"Train",0.889821856475964,0.987619414504731,85,2221,212,2094,85,2094,0,127,0.572390572390572,0.944926279271466,0.400943396226415,0.599056603773585,0,1,1,0,0.942818550202611,0.0571814497973886,Inf,0.599056603773585,Inf
"Train",0.889463623734802,0.987574720138602,86,2220,212,2094,86,2094,0,126,0.577181208053691,0.945359930615785,0.405660377358491,0.594339622641509,0,1,1,0,0.943243243243243,0.0567567567567568,Inf,0.594339622641509,Inf
"Train",0.888422716492539,0.987444671412466,87,2219,212,2094,87,2094,0,125,0.581939799331104,0.945793581960104,0.410377358490566,0.589622641509434,0,1,1,0,0.943668319062641,0.0563316809373592,Inf,0.589622641509434,Inf
"Train",0.888191764436269,0.987415780087826,88,2218,212,2094,88,2094,0,124,0.586666666666667,0.946227233304423,0.415094339622642,0.584905660377358,0,1,1,0,0.944093778178539,0.0559062218214608,Inf,0.584905660377358,Inf
"Train",0.888142535065769,0.98740961993521,89,2217,212,2094,89,2094,0,123,0.591362126245847,0.946660884648742,0.419811320754717,0.580188679245283,0,1,1,0,0.944519621109608,0.0554803788903924,Inf,0.580188679245283,Inf
"Train",0.887318390726591,0.987306403318714,90,2216,212,2094,90,2094,0,122,0.596026490066225,0.947094535993062,0.424528301886792,0.575471698113208,0,1,1,0,0.944945848375451,0.0550541516245487,Inf,0.575471698113208,Inf
"Train",0.886961900554922,0.987261703419797,91,2215,212,2094,91,2094,0,121,0.600660066006601,0.947528187337381,0.429245283018868,0.570754716981132,0,1,1,0,0.945372460496614,0.054627539503386,Inf,0.570754716981132,Inf
"Train",0.886445170428377,0.987196854585076,92,2214,212,2094,92,2094,0,120,0.605263157894737,0.9479618386817,0.433962264150943,0.566037735849057,0,1,1,0,0.94579945799458,0.0542005420054201,Inf,0.566037735849057,Inf
"Train",0.885001884124791,0.987015368522589,93,2213,212,2094,93,2094,0,119,0.609836065573771,0.948395490026019,0.438679245283019,0.561320754716981,0,1,1,0,0.946226841391776,0.0537731586082241,Inf,0.561320754716981,Inf
"Train",0.884907915842897,0.987003534270469,94,2212,212,2094,94,2094,0,118,0.61437908496732,0.948829141370338,0.443396226415094,0.556603773584906,0,1,1,0,0.946654611211573,0.0533453887884268,Inf,0.556603773584906,Inf
"Train",0.884504071190793,0.986952649170935,95,2211,212,2094,95,2094,0,117,0.618892508143322,0.949262792714657,0.44811320754717,0.55188679245283,0,1,1,0,0.94708276797829,0.0529172320217096,Inf,0.55188679245283,Inf
"Train",0.884290571447114,0.986925731188832,96,2210,212,2094,96,2094,0,116,0.623376623376623,0.949696444058977,0.452830188679245,0.547169811320755,0,1,1,0,0.947511312217195,0.0524886877828054,Inf,0.547169811320755,Inf
"Train",0.884172722215838,0.986910867854927,97,2209,212,2094,97,2094,0,115,0.627831715210356,0.950130095403296,0.457547169811321,0.542452830188679,0,1,1,0,0.947940244454504,0.0520597555454957,Inf,0.542452830188679,Inf
"Train",0.883439270067715,0.986818284636223,98,2208,212,2094,98,2094,0,114,0.632258064516129,0.950563746747615,0.462264150943396,0.537735849056604,0,1,1,0,0.948369565217391,0.0516304347826087,Inf,0.537735849056604,Inf
"Train",0.883220769009573,0.986790677015473,99,2207,212,2094,99,2094,0,113,0.636655948553055,0.950997398091934,0.466981132075472,0.533018867924528,0,1,1,0,0.948799275033983,0.0512007249660172,Inf,0.533018867924528,Inf
"Train",0.882846211346113,0.986743323440212,100,2206,212,2094,100,2094,0,112,0.641025641025641,0.951431049436253,0.471698113207547,0.528301886792453,0,1,1,0,0.949229374433364,0.0507706255666364,Inf,0.528301886792453,Inf
"Train",0.875221155569335,0.985771516925715,116,2190,212,2094,115,2093,1,97,0.701219512195122,0.957502168256722,0.542452830188679,0.457547169811321,0.000477554918815664,0.999522445081184,0.991379310344828,0.00862068965517241,0.955707762557078,0.0442922374429224,1135.89622641509,0.457765778110323,2481.39175257732
"Train",0.859038944918082,0.983658577616966,139,2167,212,2094,138,2093,1,74,0.786324786324786,0.967476149176062,0.650943396226415,0.349056603773585,0.000477554918815664,0.999522445081184,0.992805755395683,0.00719424460431655,0.965851407475773,0.034148592524227,1363.07547169811,0.349223377115092,3903.16216216216
"Train",0.845353014936645,0.981815867720113,162,2144,212,2094,160,2092,2,52,0.855614973262032,0.976582827406765,0.754716981132076,0.245283018867925,0.000955109837631328,0.999044890162369,0.987654320987654,0.0123456790123457,0.975746268656716,0.0242537313432836,790.188679245283,0.245517515061871,3218.46153846154
"Train",0.426023615445094,0.879970585020308,185,2121,212,2094,175,2084,10,37,0.881612090680101,0.979618386816999,0.825471698113208,0.174528301886792,0.00477554918815664,0.995224450811843,0.945945945945946,0.0540540540540541,0.982555398396983,0.0174446016030174,172.853773584906,0.175365769746134,985.675675675676
"Train",0.061157245366712,0.391513543160873,208,2098,212,2094,177,2063,31,35,0.842857142857143,0.971379011274935,0.834905660377358,0.165094339622642,0.0148042024832856,0.985195797516714,0.850961538461538,0.149038461538462,0.983317445185891,0.0166825548141087,56.3965307364577,0.167575156165687,336.54470046083
"Train",0.0465294342810969,0.325243373158596,231,2075,212,2094,187,2050,44,25,0.844243792325057,0.970078057241977,0.882075471698113,0.117924528301887,0.0210124164278892,0.978987583572111,0.80952380952381,0.19047619047619,0.987951807228916,0.0120481927710843,41.9787735849057,0.120455591348366,348.5
"Train",0.0428073810610568,0.306390437123194,254,2052,212,2094,192,2032,62,20,0.824034334763948,0.964440589765828,0.905660377358491,0.0943396226415094,0.0296084049665712,0.970391595033429,0.755905511811024,0.244094488188976,0.990253411306043,0.00974658869395711,30.587948874011,0.097218095379587,314.632258064516
"Train",0.0403517281660076,0.293449836235629,277,2029,212,2094,199,2016,78,13,0.813905930470348,0.960537727666956,0.938679245283019,0.0613207547169811,0.0372492836676218,0.962750716332378,0.71841155234657,0.28158844765343,0.993592902907836,0.00640709709216363,25.1999274310595,0.0636932839173405,395.644970414201
"Train",0.0377419885797349,0.27923402504193,300,2006,212,2094,201,1995,99,11,0.78515625,0.952298352124892,0.94811320754717,0.0518867924528302,0.0472779369627507,0.952722063037249,0.67,0.33,0.994516450648056,0.00548354935194417,20.0540308747856,0.0544616257625195,368.223140495868
"Train",0.0361846068973972,0.270513105986019,323,1983,212,2094,202,1973,121,10,0.755140186915888,0.943191673894189,0.952830188679245,0.0471698113207547,0.0577841451766953,0.942215854823305,0.625386996904025,0.374613003095975,0.994957135653051,0.00504286434694907,16.4894745049119,0.0500626380667311,329.376859504132
"Train",0.0352066854300185,0.264943107194809,346,1960,212,2094,203,1951,143,9,0.727598566308244,0.934084995663487,0.957547169811321,0.0424528301886792,0.0682903533906399,0.93170964660936,0.586705202312139,0.413294797687861,0.995408163265306,0.00459183673469388,14.021704710384,0.0455644420374651,307.733488733489
"Train",0.034298175242635,0.259702027119091,369,1937,212,2094,206,1931,163,6,0.709122203098107,0.926712922810061,0.971698113207547,0.0283018867924528,0.0778414517669532,0.922158548233047,0.558265582655827,0.441734417344173,0.996902426432628,0.00309757356737222,12.4830420187522,0.0306909119334004,406.734151329243
"Train",0.0332027438180746,0.253295794446582,392,1914,212,2094,206,1908,186,6,0.682119205298013,0.91673894189072,0.971698113207547,0.0283018867924528,0.0888252148997135,0.911174785100286,0.525510204081633,0.474489795918367,0.996865203761755,0.00313479623824451,10.9394400486914,0.031060875756497,352.193548387097
"Train",0.0322822828392609,0.247837937869825,415,1891,212,2094,207,1886,208,5,0.660287081339713,0.907632263660017,0.976415094339623,0.0235849056603774,0.0993314231136581,0.900668576886342,0.498795180722892,0.501204819277108,0.997355896351137,0.00264410364886304,9.82987119013062,0.0261859981192101,375.386538461538
"Train",0.0314836032271833,0.243045694858624,438,1868,212,2094,208,1864,230,4,0.64,0.898525585429315,0.981132075471698,0.0188679245283019,0.109837631327603,0.890162368672397,0.474885844748858,0.525114155251142,0.997858672376874,0.00214132762312634,8.93256767842494,0.0211960482630172,421.426086956522
"Train",0.0309142210922942,0.239596727410545,461,1845,212,2094,208,1841,253,4,0.618127786032689,0.888551604509974,0.981132075471698,0.0188679245283019,0.120821394460363,0.879178605539637,0.45119305856833,0.54880694143167,0.997831978319783,0.0021680216802168,8.1205160712954,0.0214608549496275,378.387351778656
"Train",0.0302907650740152,0.235788697774752,484,1822,212,2094,208,1818,276,4,0.597701149425287,0.878577623590633,0.981132075471698,0.0188679245283019,0.131805157593123,0.868194842406877,0.429752066115702,0.570247933884298,0.997804610318331,0.0021953896816685,7.44380639868745,0.0217323619154368,342.521739130435
"Train",0.0298562232605242,0.233114838502416,507,1799,212,2094,208,1795,299,4,0.578581363004172,0.868603642671292,0.981132075471698,0.0188679245283019,0.142788920725883,0.857211079274117,0.41025641025641,0.58974358974359,0.997776542523624,0.00222345747637576,6.87120590648072,0.0220108267199243,312.173913043478
"Train",0.0293038997507847,0.229692607199586,530,1776,212,2094,208,1772,322,4,0.560646900269542,0.858629661751951,0.981132075471698,0.0188679245283019,0.153772683858644,0.846227316141356,0.392452830188679,0.607547169811321,0.997747747747748,0.00225225225225225,6.38040548458924,0.0222965202947315,286.16149068323
"Train",0.0288634904656189,0.226944660106245,553,1753,212,2094,208,1749,345,4,0.543790849673203,0.848655680832611,0.981132075471698,0.0188679245283019,0.164756446991404,0.835243553008596,0.376130198915009,0.623869801084991,0.997718197375927,0.00228180262407302,5.95504511894996,0.0225897278229069,263.617391304348
"Train",0.0284483625672226,0.224338751097985,576,1730,212,2094,209,1727,367,3,0.530456852791878,0.839549002601908,0.985849056603774,0.0141509433962264,0.175262655205349,0.824737344794651,0.362847222222222,0.637152777777778,0.998265895953757,0.00173410404624277,5.62498072078556,0.0171581212922398,327.831970935513
"Train",0.0279789187901171,0.221373344885755,599,1707,212,2094,209,1704,390,3,0.5154130702836,0.829575021682567,0.985849056603774,0.0141509433962264,0.186246418338109,0.813753581661891,0.348914858096828,0.651085141903172,0.998242530755712,0.00175746924428822,5.29325108853411,0.017389715652405,304.389743589744
"Train",0.0275194123456743,0.21845147405031,622,1684,212,2094,210,1682,412,2,0.503597122302158,0.820468343451865,0.990566037735849,0.00943396226415094,0.196752626552053,0.803247373447946,0.337620578778135,0.662379421221865,0.998812351543943,0.00118764845605701,5.03457592965745,0.0117447782289727,428.665048543689
"Train",0.0271884252763063,0.216334923646593,645,1661,212,2094,210,1659,435,2,0.490081680280047,0.810494362532524,0.990566037735849,0.00943396226415094,0.207736389684814,0.792263610315186,0.325581395348837,0.674418604651163,0.998795906080674,0.00120409391932571,4.76837996096291,0.0119076051724726,400.448275862069
"Train",0.0267817589999886,0.213720672201878,668,1638,212,2094,210,1636,458,2,0.477272727272727,0.800520381613183,0.990566037735849,0.00943396226415094,0.218720152817574,0.781279847182426,0.31437125748503,0.68562874251497,0.998778998778999,0.00122100122100122,4.52891983191893,0.0120750103796651,375.065502183406
"Train",0.026498230923832,0.21188897296757,691,1615,212,2094,210,1613,481,2,0.465116279069767,0.790546400693842,0.990566037735849,0.00943396226415094,0.229703915950334,0.770296084049666,0.303907380607815,0.696092619392185,0.998761609907121,0.00123839009287926,4.31236025575648,0.0122471896969201,352.110187110187
"Train",0.026105090476462,0.209336749718043,714,1592,212,2094,211,1591,503,1,0.455723542116631,0.78143972246314,0.995283018867924,0.00471698113207547,0.240210124164279,0.759789875835721,0.295518207282913,0.704481792717087,0.999371859296482,0.000628140703517588,4.14338497317979,0.00620827057860845,667.397614314115
"Train",0.0256959599429409,0.206665317843128,737,1569,212,2094,211,1568,526,1,0.444678609062171,0.771465741543799,0.995283018867924,0.00471698113207547,0.251193887297039,0.748806112702961,0.28629579375848,0.71370420624152,0.9993626513703,0.000637348629700446,3.96221034507497,0.00629933577204467,628.988593155893
"Train",0.0254459613622025,0.205025152014025,760,1546,212,2094,211,1545,549,1,0.434156378600823,0.761491760624458,0.995283018867924,0.00471698113207547,0.262177650429799,0.737822349570201,0.277631578947368,0.722368421052632,0.999353169469599,0.000646830530401035,3.79621610475307,0.0063931122916285,593.79781420765
"Train",0.0251544153136297,0.203104888755639,783,1523,212,2094,211,1522,572,1,0.424120603015075,0.751517779705117,0.995283018867924,0.00471698113207547,0.27316141356256,0.72683858643744,0.269476372924649,0.730523627075351,0.999343401181878,0.000656598818122127,3.64357105158992,0.00648972305556244,561.437062937063
"Train",0.0249491030004513,0.201747719453363,806,1500,212,2094,211,1499,595,1,0.414538310412574,0.741543798785776,0.995283018867924,0.00471698113207547,0.28414517669532,0.71585482330468,0.261786600496278,0.738213399503722,0.999333333333333,0.000666666666666667,3.50272712858728,0.0065892985260614,531.578151260504
"Train",0.0246209690008272,0.199570236595122,829,1477,212,2094,211,1476,618,1,0.40537944284342,0.731569817866435,0.995283018867924,0.00471698113207547,0.29512893982808,0.70487106017192,0.254523522316043,0.745476477683957,0.999322951929587,0.000677048070412999,3.37236673383404,0.00669197729713146,503.941747572816
"Train",0.0243345512372954,0.197661053728408,852,1454,212,2094,211,1453,641,1,0.396616541353383,0.721595836947095,0.995283018867924,0.00471698113207547,0.30611270296084,0.69388729703916,0.247652582159624,0.752347417840376,0.999312242090784,0.000687757909215956,3.25136137520973,0.00679790673817346,478.288611544462
"Train",0.024122907640102,0.196245157653374,875,1431,212,2094,211,1430,664,1,0.388224471021159,0.711621856027754,0.995283018867924,0.00471698113207547,0.317096466093601,0.682903533906399,0.241142857142857,0.758857142857143,0.999301187980433,0.000698812019566737,3.13873891793589,0.00690724369969653,454.41265060241
"Train",0.0238990668045078,0.194742886057544,898,1408,212,2094,211,1407,687,1,0.38018018018018,0.701647875108413,0.995283018867924,0.00471698113207547,0.328080229226361,0.671919770773639,0.234966592427617,0.765033407572383,0.999289772727273,0.000710227272727273,3.03365741122188,0.00702015528824878,432.135371179039
"Train",0.0236408236522547,0.193003598224503,921,1385,212,2094,211,1384,710,1,0.372462488967343,0.691673894189072,0.995283018867924,0.00471698113207547,0.339063992359121,0.660936007640879,0.229098805646037,0.770901194353963,0.99927797833935,0.000722021660649819,2.93538400212596,0.00713681971861708,411.301408450704
"Train",0.0234110887343285,0.19145076614961,944,1362,212,2094,211,1361,733,1,0.365051903114187,0.681699913269731,0.995283018867924,0.00471698113207547,0.350047755491882,0.649952244508118,0.223516949152542,0.776483050847458,0.999265785609398,0.000734214390602056,2.84327781924889,0.00725742725243647,391.774897680764
"Train",0.0231280404974316,0.189530351264256,967,1339,212,2094,211,1338,756,1,0.357930449533503,0.67172593235039,0.995283018867924,0.00471698113207547,0.361031518624642,0.638968481375358,0.218200620475698,0.781799379524302,0.999253174010456,0.000746825989544436,2.75677598083258,0.0073821812336069,373.436507936508
"Train",0.0228909446395444,0.18791553893142,990,1316,212,2094,211,1315,779,1,0.35108153078203,0.661751951431049,0.995283018867924,0.00471698113207547,0.372015281757402,0.627984718242598,0.213131313131313,0.786868686868687,0.999240121580547,0.000759878419452888,2.67538208152687,0.00751129923236961,356.181001283697
"Train",0.022651663874651,0.186280107567954,1013,1293,212,2094,211,1292,802,1,0.344489795918367,0.651777970511709,0.995283018867924,0.00471698113207547,0.382999044890162,0.617000955109838,0.208292201382034,0.791707798617966,0.99922660479505,0.000773395204949729,2.5986566602362,0.00764501431158362,339.915211970075
"Train",0.0224167770638295,0.184669071810063,1036,1270,212,2094,211,1269,825,1,0.338141025641026,0.641803989592368,0.995283018867924,0.00471698113207547,0.393982808022923,0.606017191977077,0.203667953667954,0.796332046332046,0.999212598425197,0.00078740157480315,2.52620926243568,0.0077835764307061,324.556363636364
"Train",0.022201492686978,0.183187555340339,1059,1247,212,2094,211,1246,848,1,0.332022029897718,0.631830008673027,0.995283018867924,0.00471698113207547,0.404966571155683,0.595033428844317,0.199244570349386,0.800755429650614,0.999198075380914,0.000801924619085806,2.45769179423282,0.00792725400526969,310.030660377358
"Train",0.0219585000089162,0.181509666244761,1082,1224,212,2094,211,1223,871,1,0.326120556414219,0.621856027753686,0.995283018867924,0.00471698113207547,0.415950334288443,0.584049665711557,0.195009242144177,0.804990757855823,0.999183006535948,0.000816993464052288,2.39279292940234,0.00807633564232709,296.272101033295
"Train",0.021837181739746,0.180669681944519,1105,1201,212,2094,211,1200,894,1,0.320425208807897,0.611882046834345,0.995283018867924,0.00471698113207547,0.426934097421203,0.573065902578797,0.190950226244344,0.809049773755656,0.999167360532889,0.000832639467110741,2.33123337976447,0.0082311320754717,283.221476510067
"Train",0.0217102087750043,0.179788920973874,1128,1178,212,2094,211,1177,917,1,0.314925373134328,0.601908065915004,0.995283018867924,0.00471698113207547,0.437917860553964,0.562082139446036,0.187056737588652,0.812943262411348,0.999151103565365,0.000848896434634975,2.27276187732763,0.0083919783267341,270.825517993457
"Train",0.0215185416742577,0.178456244908455,1151,1155,212,2094,212,1155,939,0,0.311078503301541,0.592801387684302,1,0,0.448424068767908,0.551575931232092,0.184187662901825,0.815812337098175,1,0,2.23003194888179,0,Inf
"Train",0.0213043934644314,0.17696274493786,1174,1132,212,2094,212,1132,962,0,0.305916305916306,0.582827406764961,1,0,0.459407831900669,0.540592168099331,0.180579216354344,0.819420783645656,1,0,2.17671517671518,0,Inf
"Train",0.0211476393982767,0.175866489228657,1197,1109,212,2094,212,1109,985,0,0.300922640170334,0.57285342584562,1,0,0.470391595033429,0.529608404966571,0.177109440267335,0.822890559732665,1,0,2.1258883248731,0,Inf
"Train",0.021017947565458,0.174957548863602,1220,1086,212,2094,212,1086,1008,0,0.29608938547486,0.562879444926279,1,0,0.481375358166189,0.518624641833811,0.173770491803279,0.826229508196721,1,0,2.07738095238095,0,Inf
"Train",0.0207193060137099,0.172857808501773,1243,1063,212,2094,212,1063,1031,0,0.291408934707904,0.552905464006938,1,0,0.492359121298949,0.507640878701051,0.170555108608206,0.829444891391794,1,0,2.03103782735209,0,Inf
"Train",0.0205302949813259,0.171524011089599,1266,1040,212,2094,212,1040,1054,0,0.286874154262517,0.542931483087598,1,0,0.50334288443171,0.49665711556829,0.167456556082148,0.832543443917852,1,0,1.98671726755218,0,Inf
"Train",0.0203471639178915,0.170228090827523,1289,1017,212,2094,212,1017,1077,0,0.282478347768155,0.532957502168257,1,0,0.51432664756447,0.48567335243553,0.164468580294802,0.835531419705198,1,0,1.94428969359331,0,Inf
"Train",0.0200676920111291,0.168243524506716,1312,994,212,2094,212,994,1100,0,0.278215223097113,0.522983521248916,1,0,0.52531041069723,0.47468958930277,0.161585365853659,0.838414634146341,1,0,1.90363636363636,0,Inf
"Train",0.0198361865597659,0.166593233587217,1335,971,212,2094,212,971,1123,0,0.274078862314156,0.513009540329575,1,0,0.53629417382999,0.46370582617001,0.158801498127341,0.841198501872659,1,0,1.8646482635797,0,Inf
"Train",0.0196539173880948,0.165289860753157,1358,948,212,2094,212,948,1146,0,0.270063694267516,0.503035559410234,1,0,0.547277936962751,0.452722063037249,0.156111929307806,0.843888070692194,1,0,1.82722513089005,0,Inf
"Train",0.0194975638728992,0.164168940889055,1381,925,212,2094,212,925,1169,0,0.2661644695543,0.493061578490893,1,0,0.558261700095511,0.441738299904489,0.153511947863867,0.846488052136133,1,0,1.7912745936698,0,Inf
"Train",0.019381565942182,0.163335620297991,1404,902,212,2094,212,902,1192,0,0.262376237623762,0.483087597571552,1,0,0.569245463228271,0.430754536771729,0.150997150997151,0.849002849002849,1,0,1.75671140939597,0,Inf
"Train",0.0191656098961794,0.161780300899872,1427,879,212,2094,212,879,1215,0,0.25869432580842,0.473113616652212,1,0,0.580229226361031,0.419770773638968,0.148563419761738,0.851436580238262,1,0,1.72345679012346,0,Inf
"Train",0.018918443168411,0.15999393544076,1450,856,212,2094,212,856,1238,0,0.25511432009627,0.463139635732871,1,0,0.591212989493792,0.408787010506208,0.146206896551724,0.853793103448276,1,0,1.69143780290792,0,Inf
"Train",0.0187777561155205,0.158974137279058,1473,833,212,2094,212,833,1261,0,0.251632047477745,0.45316565481353,1,0,0.602196752626552,0.397803247373448,0.143923964697895,0.856076035302105,1,0,1.66058683584457,0,Inf
"Train",0.0185994276297489,0.157678345670197,1496,810,212,2094,212,810,1284,0,0.24824355971897,0.443191673894189,1,0,0.613180515759312,0.386819484240688,0.141711229946524,0.858288770053476,1,0,1.63084112149533,0,Inf
"Train",0.0183997880322715,0.156223516721372,1519,787,212,2094,212,787,1307,0,0.244945118428654,0.433217692974848,1,0,0.624164278892073,0.375835721107927,0.139565503620803,0.860434496379197,1,0,1.60214231063504,0,Inf
"Train",0.0181801279002555,0.154617662261123,1542,764,212,2094,212,764,1330,0,0.241733181299886,0.423243712055507,1,0,0.635148042024833,0.364851957975167,0.137483787289235,0.862516212710765,1,0,1.57443609022556,0,Inf
"Train",0.0180395053287813,0.153586788177519,1565,741,212,2094,212,741,1353,0,0.238604389420371,0.413269731136166,1,0,0.646131805157593,0.353868194842407,0.135463258785942,0.864536741214058,1,0,1.54767184035477,0,Inf
"Train",0.0177797261881622,0.151676556314657,1588,718,212,2094,212,718,1376,0,0.235555555555556,0.403295750216826,1,0,0.657115568290353,0.342884431709647,0.133501259445844,0.866498740554156,1,0,1.5218023255814,0,Inf
"Train",0.0175515750064472,0.149992606841779,1611,695,212,2094,212,695,1399,0,0.232583653318705,0.393321769297485,1,0,0.668099331423114,0.331900668576886,0.131595282433271,0.868404717566729,1,0,1.49678341672623,0,Inf
"Train",0.0173041568534284,0.148159767711535,1634,672,212,2094,212,672,1422,0,0.229685807150596,0.383347788378144,1,0,0.679083094555874,0.320916905444126,0.129742962056304,0.870257037943696,1,0,1.47257383966245,0,Inf
"Train",0.0170744491806659,0.146451866527488,1657,649,212,2094,212,649,1445,0,0.226859283039058,0.373373807458803,1,0,0.690066857688634,0.309933142311366,0.127942063971032,0.872057936028968,1,0,1.44913494809689,0,Inf
"Train",0.0168730857014423,0.144949724556045,1680,626,212,2094,212,626,1468,0,0.224101479915433,0.363399826539462,1,0,0.701050620821394,0.298949379178606,0.126190476190476,0.873809523809524,1,0,1.42643051771117,0,Inf
"Train",0.016614880108445,0.143016700523312,1703,603,212,2094,212,603,1491,0,0.221409921671018,0.353425845620121,1,0,0.712034383954155,0.287965616045845,0.124486200822079,0.875513799177921,1,0,1.40442655935614,0,Inf
"Train",0.0163750306562885,0.141214165961499,1726,580,212,2094,212,580,1514,0,0.218782249742002,0.343451864700781,1,0,0.723018147086915,0.276981852913085,0.122827346465817,0.877172653534183,1,0,1.38309114927345,0,Inf
"Train",0.0161549940569559,0.139554626107651,1749,557,212,2094,212,557,1537,0,0.216216216216216,0.33347788378144,1,0,0.734001910219675,0.265998089780325,0.121212121212121,0.878787878787879,1,0,1.36239427456083,0,Inf
"Train",0.0159992330209996,0.138376427793945,1772,534,212,2094,212,534,1560,0,0.213709677419355,0.323503902862099,1,0,0.744985673352435,0.255014326647564,0.119638826185102,0.880361173814898,1,0,1.34230769230769,0,Inf
"Train",0.0157834549932694,0.136739530754914,1795,511,212,2094,212,511,1583,0,0.211260587942202,0.313529921942758,1,0,0.755969436485196,0.244030563514804,0.118105849582173,0.881894150417827,1,0,1.32280480101074,0,Inf
"Train",0.0155112528123105,0.134666736235888,1818,488,212,2094,212,488,1606,0,0.208866995073892,0.303555941023417,1,0,0.766953199617956,0.233046800382044,0.116611661166117,0.883388338833883,1,0,1.30386052303861,0,Inf
"Train",0.0151848083777506,0.132169250466959,1841,465,212,2094,212,465,1629,0,0.206527033609352,0.293581960104076,1,0,0.777936962750716,0.222063037249284,0.115154807170016,0.884845192829984,1,0,1.28545119705341,0,Inf
"Train",0.0149453969742265,0.130329493818651,1864,442,212,2094,212,442,1652,0,0.204238921001927,0.283607979184735,1,0,0.788920725883477,0.211079274116523,0.113733905579399,0.886266094420601,1,0,1.26755447941889,0,Inf
"Train",0.0146354523154155,0.127937444572104,1887,419,212,2094,212,419,1675,0,0.202000952834683,0.273633998265395,1,0,0.799904489016237,0.200095510983763,0.112347641759406,0.887652358240594,1,0,1.25014925373134,0,Inf
"Train",0.0142778649326433,0.125163190395853,1910,396,212,2094,212,396,1698,0,0.199811498586239,0.263660017346054,1,0,0.810888252148997,0.189111747851003,0.110994764397906,0.889005235602094,1,0,1.23321554770318,0,Inf
"Train",0.0140285726498445,0.12321985138589,1933,373,212,2094,212,373,1721,0,0.197668997668998,0.253686036426713,1,0,0.821872015281757,0.178127984718243,0.109674081738231,0.890325918261769,1,0,1.21673445671121,0,Inf
"Train",0.0136540718904826,0.120286040435606,1956,350,212,2094,212,350,1744,0,0.195571955719557,0.243712055507372,1,0,0.832855778414518,0.167144221585482,0.10838445807771,0.89161554192229,1,0,1.2006880733945,0,Inf
"Train",0.0132308146907439,0.116949261174998,1979,327,212,2094,212,327,1767,0,0.193518941122775,0.233738074588031,1,0,0.843839541547278,0.156160458452722,0.107124810510359,0.892875189489641,1,0,1.18505942275042,0,Inf
"Train",0.0127848040785562,0.11340873585982,2002,304,212,2094,212,304,1790,0,0.191508581752484,0.22376409366869,1,0,0.854823304680038,0.145176695319962,0.105894105894106,0.894105894105894,1,0,1.16983240223464,0,Inf
"Train",0.0124901700914618,0.111056026729913,2025,281,212,2094,212,281,1813,0,0.189539561913277,0.21379011274935,1,0,0.865807067812798,0.134192932187202,0.104691358024691,0.895308641975309,1,0,1.1549917264203,0,Inf
"Train",0.01176924811853,0.10525233614735,2048,258,212,2094,212,258,1836,0,0.187610619469027,0.203816131830009,1,0,0.876790830945559,0.123209169054441,0.103515625,0.896484375,1,0,1.14052287581699,0,Inf
"Train",0.0110813515721467,0.0996514563240074,2071,235,212,2094,212,235,1859,0,0.185720543144985,0.193842150910668,1,0,0.887774594078319,0.112225405921681,0.102366006760019,0.897633993239981,1,0,1.12641204948897,0,Inf
"Train",0.00986435469967714,0.0895885508427288,2094,212,212,2094,212,212,1882,0,0.183868169991327,0.183868169991327,1,0,0.898758357211079,0.101241642788921,0.101241642788921,0.898758357211079,1,0,1.11264612114772,0,Inf
"Train",0.00294928374807854,0.0283878855342198,2117,189,212,2094,212,189,1905,0,0.182052382996994,0.173894189071986,1,0,0.909742120343839,0.0902578796561605,0.100141709966934,0.899858290033066,1,0,1.0992125984252,0,Inf
"Train",0.00230896204213142,0.022348360670681,2140,166,212,2094,212,166,1928,0,0.180272108843537,0.163920208152645,1,0,0.9207258834766,0.0792741165234002,0.0990654205607477,0.900934579439252,1,0,1.08609958506224,0,Inf
"Train",0.00208053474493907,0.0201775158166859,2163,143,212,2094,212,143,1951,0,0.178526315789474,0.153946227233304,1,0,0.93170964660936,0.0682903533906399,0.0980120203421174,0.901987979657883,1,0,1.0732957457714,0,Inf
"Train",0.00192753705055963,0.0187186710837341,2186,120,212,2094,212,120,1974,0,0.176814011676397,0.143972246313964,1,0,0.94269340974212,0.0573065902578797,0.0969807868252516,0.903019213174748,1,0,1.06079027355623,0,Inf
"Train",0.00175956613574469,0.0171125621664985,2209,97,212,2094,212,97,1997,0,0.17513424204874,0.133998265394623,1,0,0.953677172874881,0.0463228271251194,0.0959710276143051,0.904028972385695,1,0,1.04857285928893,0,Inf
"Train",0.00159279595429696,0.0155132619013339,2232,74,212,2094,212,74,2020,0,0.173486088379705,0.124024284475282,1,0,0.964660936007641,0.0353390639923591,0.0949820788530466,0.905017921146953,1,0,1.03663366336634,0,Inf
"Train",0.00146492324497215,0.0142838160405255,2255,51,212,2094,212,51,2043,0,0.171868666396433,0.114050303555941,1,0,0.975644699140401,0.0243553008595989,0.0940133037694013,0.905986696230599,1,0,1.02496328928047,0,Inf
"Train",0.00126506111429341,0.0123566915370592,2278,28,212,2094,212,28,2066,0,0.170281124497992,0.1040763226366,1,0,0.986628462273161,0.0133715377268386,0.0930640913081651,0.906935908691835,1,0,1.0135527589545,0,Inf
"Train",0.00100956573591778,0.00988326612519304,2301,5,212,2094,212,5,2089,0,0.168722642260247,0.0941023417172593,1,0,0.997612225405922,0.00238777459407832,0.0921338548457192,0.907866145154281,1,0,1.00239348970799,0,Inf
"Train",0.000785082531114694,0.00770087070131852,2306,0,212,2094,212,0,2094,0,0.168387609213662,0.0919340849956635,1,0,1,0,0.0919340849956635,0.908065915004337,NA,NA,1,NA,NA
"CV",0.913040690433254,0.990449688140887,1,2305,212,2094,1,2094,0,211,0.00938967136150235,0.908499566348656,0.00471698113207547,0.995283018867924,0,1,1,0,0.908459869848156,0.0915401301518438,Inf,0.995283018867924,Inf
"CV",0.910925042569386,0.990197116916113,2,2304,212,2094,2,2094,0,210,0.0186915887850467,0.908933217692975,0.00943396226415094,0.990566037735849,0,1,1,0,0.908854166666667,0.0911458333333333,Inf,0.990566037735849,Inf
"CV",0.909891041472934,0.990073295103799,3,2303,212,2094,2,2093,1,210,0.0186046511627907,0.908499566348656,0.00943396226415094,0.990566037735849,0.000477554918815664,0.999522445081184,0.666666666666667,0.333333333333333,0.908814589665654,0.0911854103343465,19.7547169811321,0.99103931343472,19.9333333333333
"CV",0.904565353621716,0.989431555773538,4,2302,212,2094,3,2093,1,209,0.0277777777777778,0.908933217692975,0.0141509433962264,0.985849056603774,0.000477554918815664,0.999522445081184,0.75,0.25,0.909209383145091,0.0907906168549088,29.6320754716981,0.98632007860884,30.0430622009569
"CV",0.900040419770267,0.98888100263066,5,2301,212,2094,3,2092,2,209,0.0276497695852535,0.908499566348656,0.0141509433962264,0.985849056603774,0.000955109837631328,0.999044890162369,0.6,0.4,0.909169926119079,0.0908300738809213,14.8160377358491,0.98679155092175,15.0143540669856
"CV",0.894056046592989,0.988145276932166,6,2300,212,2094,4,2092,2,208,0.036697247706422,0.908933217692975,0.0188679245283019,0.981132075471698,0.000955109837631328,0.999044890162369,0.666666666666667,0.333333333333333,0.909565217391304,0.0904347826086957,19.7547169811321,0.982070060247484,20.1153846153846
"CV",0.89021836928813,0.987668847595163,7,2299,212,2094,5,2092,2,207,0.045662100456621,0.909366869037294,0.0235849056603774,0.976415094339623,0.000955109837631328,0.999044890162369,0.714285714285714,0.285714285714286,0.909960852544585,0.0900391474554154,24.6933962264151,0.977348569573217,25.2657004830918
"CV",0.888977881411822,0.987514066167942,8,2298,212,2094,6,2092,2,206,0.0545454545454545,0.909800520381613,0.0283018867924528,0.971698113207547,0.000955109837631328,0.999044890162369,0.75,0.25,0.91035683202785,0.0896431679721497,29.6320754716981,0.97262707889895,30.4660194174757
"CV",0.887292894313861,0.987303207410635,9,2297,212,2094,7,2092,2,205,0.0633484162895928,0.910234171725932,0.0330188679245283,0.966981132075472,0.000955109837631328,0.999044890162369,0.777777777777778,0.222222222222222,0.910753156290814,0.0892468437091859,34.5707547169811,0.967905588224683,35.7170731707317
"CV",0.883042034506221,0.986768084891449,10,2296,212,2094,8,2092,2,204,0.0720720720720721,0.910667823070252,0.0377358490566038,0.962264150943396,0.000955109837631328,0.999044890162369,0.8,0.2,0.911149825783972,0.0888501742160279,39.5094339622642,0.963184097550417,41.0196078431373
"CV",0.882589174549886,0.986710806856547,11,2295,212,2094,9,2092,2,203,0.0807174887892377,0.911101474414571,0.0424528301886792,0.957547169811321,0.000955109837631328,0.999044890162369,0.818181818181818,0.181818181818182,0.911546840958606,0.0884531590413943,44.4481132075472,0.95846260687615,46.3743842364532
"CV",0.879982965577608,0.986380155911072,12,2294,212,2094,10,2092,2,202,0.0892857142857143,0.91153512575889,0.0471698113207547,0.952830188679245,0.000955109837631328,0.999044890162369,0.833333333333333,0.166666666666667,0.911944202266783,0.0880557977332171,49.3867924528302,0.953741116201883,51.7821782178218
"CV",0.879283665730466,0.986291139761585,13,2293,212,2094,11,2092,2,201,0.0977777777777778,0.911968777103209,0.0518867924528302,0.94811320754717,0.000955109837631328,0.999044890162369,0.846153846153846,0.153846153846154,0.912341910161361,0.0876580898386393,54.3254716981132,0.949019625527616,57.2437810945274
"CV",0.879232288688732,0.986284594861436,14,2292,212,2094,12,2092,2,200,0.106194690265487,0.912402428447528,0.0566037735849057,0.943396226415094,0.000955109837631328,0.999044890162369,0.857142857142857,0.142857142857143,0.912739965095986,0.087260034904014,59.2641509433962,0.94429813485335,62.76
"CV",0.878823866011516,0.986232541936455,15,2291,212,2094,13,2092,2,199,0.114537444933921,0.912836079791847,0.0613207547169811,0.938679245283019,0.000955109837631328,0.999044890162369,0.866666666666667,0.133333333333333,0.913138367525098,0.0868616324749018,64.2028301886792,0.939576644179083,68.3316582914573
"CV",0.877201733007319,0.986025379150622,16,2290,212,2094,14,2092,2,198,0.12280701754386,0.913269731136166,0.0660377358490566,0.933962264150943,0.000955109837631328,0.999044890162369,0.875,0.125,0.91353711790393,0.0864628820960699,69.1415094339623,0.934855153504816,73.959595959596
"CV",0.876910574486003,0.985988123369149,17,2289,212,2094,15,2092,2,197,0.131004366812227,0.913703382480486,0.0707547169811321,0.929245283018868,0.000955109837631328,0.999044890162369,0.882352941176471,0.117647058823529,0.91393621668851,0.0860637833114897,74.0801886792453,0.930133662830549,79.6446700507614
"CV",0.87570436356304,0.985833546361534,18,2288,212,2094,16,2092,2,196,0.139130434782609,0.914137033824805,0.0754716981132075,0.924528301886792,0.000955109837631328,0.999044890162369,0.888888888888889,0.111111111111111,0.914335664335664,0.0856643356643357,79.0188679245283,0.925412172156283,85.3877551020408
"CV",0.875692792085348,0.985832061639178,19,2287,212,2094,17,2092,2,195,0.147186147186147,0.914570685169124,0.080188679245283,0.919811320754717,0.000955109837631328,0.999044890162369,0.894736842105263,0.105263157894737,0.914735461303017,0.0852645386969829,83.9575471698113,0.920690681482016,91.1897435897436
"CV",0.875341045249376,0.985786912829855,20,2286,212,2094,18,2092,2,194,0.155172413793103,0.915004336513443,0.0849056603773585,0.915094339622642,0.000955109837631328,0.999044890162369,0.9,0.1,0.915135608048994,0.0848643919510061,88.8962264150943,0.915969190807749,97.0515463917526
"CV",0.873922664963671,0.985604528587954,21,2285,212,2094,19,2092,2,193,0.163090128755365,0.915437987857762,0.089622641509434,0.910377358490566,0.000955109837631328,0.999044890162369,0.904761904761905,0.0952380952380952,0.915536105032823,0.0844638949671772,93.8349056603774,0.911247700133482,102.974093264249
"CV",0.872259346987116,0.985389979505315,22,2284,212,2094,20,2092,2,192,0.170940170940171,0.915871639202081,0.0943396226415094,0.905660377358491,0.000955109837631328,0.999044890162369,0.909090909090909,0.0909090909090909,0.915936952714536,0.0840630472854641,98.7735849056604,0.906526209459216,108.958333333333
"CV",0.869169846928671,0.984989540044331,23,2283,212,2094,21,2092,2,191,0.178723404255319,0.916305290546401,0.0990566037735849,0.900943396226415,0.000955109837631328,0.999044890162369,0.91304347826087,0.0869565217391304,0.916338151554972,0.0836618484450285,103.712264150943,0.901804718784949,115.005235602094
"CV",0.869063838174036,0.984975755203854,24,2282,212,2094,22,2092,2,190,0.186440677966102,0.91673894189072,0.10377358490566,0.89622641509434,0.000955109837631328,0.999044890162369,0.916666666666667,0.0833333333333333,0.916739702015776,0.0832602979842244,108.650943396226,0.897083228110682,121.115789473684
"CV",0.868990477452228,0.984966214004787,25,2281,212,2094,23,2092,2,189,0.194092827004219,0.917172593235039,0.108490566037736,0.891509433962264,0.000955109837631328,0.999044890162369,0.92,0.08,0.917141604559404,0.0828583954405962,113.589622641509,0.892361737436415,127.291005291005
"CV",0.868966822801249,0.98496313720791,26,2280,212,2094,24,2092,2,188,0.201680672268908,0.917606244579358,0.113207547169811,0.886792452830189,0.000955109837631328,0.999044890162369,0.923076923076923,0.0769230769230769,0.917543859649123,0.0824561403508772,118.528301886792,0.887640246762149,133.531914893617
"CV",0.868342431242914,0.984881867985021,27,2279,212,2094,25,2092,2,187,0.209205020920502,0.918039895923677,0.117924528301887,0.882075471698113,0.000955109837631328,0.999044890162369,0.925925925925926,0.0740740740740741,0.917946467749013,0.0820535322509873,123.466981132075,0.882918756087882,139.839572192513
"CV",0.867263877989318,0.984741242263207,28,2278,212,2094,26,2092,2,186,0.216666666666667,0.918473547267997,0.122641509433962,0.877358490566038,0.000955109837631328,0.999044890162369,0.928571428571429,0.0714285714285714,0.918349429323968,0.0816505706760316,128.405660377358,0.878197265413615,146.215053763441
"CV",0.867195282763224,0.984732288095675,29,2277,212,2094,27,2092,2,185,0.224066390041494,0.918907198612316,0.127358490566038,0.872641509433962,0.000955109837631328,0.999044890162369,0.931034482758621,0.0689655172413793,0.918752744839701,0.0812472551602986,133.344339622642,0.873475774739348,152.659459459459
"CV",0.865849054198374,0.984556302296017,30,2276,212,2094,28,2092,2,184,0.231404958677686,0.919340849956635,0.132075471698113,0.867924528301887,0.000955109837631328,0.999044890162369,0.933333333333333,0.0666666666666667,0.919156414762742,0.0808435852372583,138.283018867925,0.868754284065082,159.173913043478
"CV",0.865648064192711,0.984529986312745,31,2275,212,2094,29,2092,2,183,0.238683127572016,0.919774501300954,0.136792452830189,0.863207547169811,0.000955109837631328,0.999044890162369,0.935483870967742,0.0645161290322581,0.91956043956044,0.0804395604395604,143.221698113208,0.864032793390815,165.75956284153
"CV",0.865206264365855,0.984472102641318,32,2274,212,2094,30,2092,2,182,0.245901639344262,0.920208152645273,0.141509433962264,0.858490566037736,0.000955109837631328,0.999044890162369,0.9375,0.0625,0.919964819700967,0.0800351802990325,148.160377358491,0.859311302716548,172.417582417582
"CV",0.865202251314845,0.98447157662022,33,2273,212,2094,31,2092,2,181,0.253061224489796,0.920641803989592,0.14622641509434,0.85377358490566,0.000955109837631328,0.999044890162369,0.939393939393939,0.0606060606060606,0.920369555653322,0.0796304443466784,153.099056603774,0.854589812042281,179.149171270718
"CV",0.864953808528968,0.984439002926264,34,2272,212,2094,32,2092,2,180,0.260162601626016,0.921075455333912,0.150943396226415,0.849056603773585,0.000955109837631328,0.999044890162369,0.941176470588235,0.0588235294117647,0.920774647887324,0.0792253521126761,158.037735849057,0.849868321368015,185.955555555556
"CV",0.864036881132251,0.984318639800381,35,2271,212,2094,33,2092,2,179,0.267206477732794,0.921509106678231,0.155660377358491,0.844339622641509,0.000955109837631328,0.999044890162369,0.942857142857143,0.0571428571428571,0.921180096873624,0.078819903126376,162.97641509434,0.845146830693748,192.837988826816
"CV",0.863327903052966,0.984225418701264,36,2270,212,2094,34,2092,2,178,0.274193548387097,0.92194275802255,0.160377358490566,0.839622641509434,0.000955109837631328,0.999044890162369,0.944444444444444,0.0555555555555556,0.9215859030837,0.0784140969162996,167.915094339623,0.840425340019481,199.797752808989
"CV",0.862952873103793,0.984176052506962,37,2269,212,2094,35,2092,2,177,0.281124497991968,0.922376409366869,0.165094339622642,0.834905660377358,0.000955109837631328,0.999044890162369,0.945945945945946,0.0540540540540541,0.921992066989863,0.0780079330101366,172.853773584906,0.835703849345214,206.83615819209
"CV",0.862871298906164,0.984165309651373,38,2268,212,2094,36,2092,2,176,0.288,0.922810060711188,0.169811320754717,0.830188679245283,0.000955109837631328,0.999044890162369,0.947368421052632,0.0526315789473684,0.922398589065256,0.0776014109347443,177.792452830189,0.830982358670948,213.954545454545
"CV",0.862181633928904,0.984074412859116,39,2267,212,2094,37,2092,2,175,0.294820717131474,0.923243712055507,0.174528301886792,0.825471698113208,0.000955109837631328,0.999044890162369,0.948717948717949,0.0512820512820513,0.922805469783855,0.0771945302161447,182.731132075472,0.826260867996681,221.154285714286
"CV",0.861574680634798,0.983994310872244,40,2266,212,2094,38,2092,2,174,0.301587301587302,0.923677363399827,0.179245283018868,0.820754716981132,0.000955109837631328,0.999044890162369,0.95,0.05,0.923212709620477,0.0767872903795234,187.669811320755,0.821539377322414,228.436781609195
"CV",0.859374495714881,0.983703105348434,41,2265,212,2094,39,2092,2,173,0.308300395256917,0.924111014744146,0.183962264150943,0.816037735849057,0.000955109837631328,0.999044890162369,0.951219512195122,0.0487804878048781,0.923620309050773,0.0763796909492274,192.608490566038,0.816817886648147,235.803468208092
"CV",0.859140109587367,0.983672005448901,42,2264,212,2094,40,2092,2,172,0.31496062992126,0.924544666088465,0.188679245283019,0.811320754716981,0.000955109837631328,0.999044890162369,0.952380952380952,0.0476190476190476,0.924028268551237,0.0759717314487632,197.547169811321,0.812096395973881,243.255813953488
"CV",0.859108789592242,0.983667848568776,43,2263,212,2094,41,2092,2,171,0.32156862745098,0.924978317432784,0.193396226415094,0.806603773584906,0.000955109837631328,0.999044890162369,0.953488372093023,0.0465116279069767,0.924436588599205,0.0755634114007954,202.485849056604,0.807374905299614,250.795321637427
"CV",0.858678179735157,0.983610669606537,44,2262,212,2094,42,2092,2,170,0.328125,0.925411968777103,0.19811320754717,0.80188679245283,0.000955109837631328,0.999044890162369,0.954545454545455,0.0454545454545455,0.924845269672856,0.0751547303271441,207.424528301887,0.802653414625347,258.423529411765
"CV",0.857036227717273,0.983392175353976,45,2261,212,2094,43,2092,2,169,0.334630350194553,0.925845620121422,0.202830188679245,0.797169811320755,0.000955109837631328,0.999044890162369,0.955555555555556,0.0444444444444444,0.925254312251216,0.0747456877487837,212.36320754717,0.79793192395108,266.14201183432
"CV",0.856585904928122,0.983332121625031,46,2260,212,2094,44,2092,2,168,0.34108527131783,0.926279271465742,0.207547169811321,0.792452830188679,0.000955109837631328,0.999044890162369,0.956521739130435,0.0434782608695652,0.925663716814159,0.0743362831858407,217.301886792453,0.793210433276814,273.952380952381
"CV",0.855970619599712,0.983249978705838,47,2259,212,2094,45,2092,2,167,0.347490347490347,0.926712922810061,0.212264150943396,0.787735849056604,0.000955109837631328,0.999044890162369,0.957446808510638,0.0425531914893617,0.926073483842408,0.0739265161575919,222.240566037736,0.788488942602547,281.85628742515
"CV",0.855951891963238,0.983247476858958,48,2258,212,2094,46,2092,2,166,0.353846153846154,0.92714657415438,0.216981132075472,0.783018867924528,0.000955109837631328,0.999044890162369,0.958333333333333,0.0416666666666667,0.926483613817538,0.0735163861824624,227.179245283019,0.78376745192828,289.855421686747
"CV",0.855724342948594,0.983217070588739,49,2257,212,2094,47,2092,2,165,0.360153256704981,0.927580225498699,0.221698113207547,0.778301886792453,0.000955109837631328,0.999044890162369,0.959183673469388,0.0408163265306122,0.926894107221976,0.0731058927780239,232.117924528302,0.779045961254013,297.951515151515
"CV",0.855618190201254,0.983202881023822,50,2256,212,2094,48,2092,2,164,0.366412213740458,0.928013876843018,0.226415094339623,0.773584905660377,0.000955109837631328,0.999044890162369,0.96,0.04,0.927304964539007,0.0726950354609929,237.056603773585,0.774324470579747,306.146341463415
"CV",0.855143435335845,0.9831393818802,51,2255,212,2094,49,2092,2,163,0.372623574144487,0.928447528187337,0.231132075471698,0.768867924528302,0.000955109837631328,0.999044890162369,0.96078431372549,0.0392156862745098,0.927716186252772,0.0722838137472284,241.995283018868,0.76960297990548,314.441717791411
"CV",0.855017885611654,0.983122579007217,52,2254,212,2094,50,2092,2,162,0.378787878787879,0.928881179531656,0.235849056603774,0.764150943396226,0.000955109837631328,0.999044890162369,0.961538461538462,0.0384615384615385,0.92812777284827,0.0718722271517303,246.933962264151,0.764881489231213,322.839506172839
"CV",0.854805720286914,0.983094174074586,53,2253,212,2094,51,2092,2,161,0.384905660377359,0.929314830875976,0.240566037735849,0.759433962264151,0.000955109837631328,0.999044890162369,0.962264150943396,0.0377358490566038,0.928539724811363,0.0714602751886374,251.872641509434,0.760159998556946,331.341614906832
"CV",0.854359333001568,0.98303437054223,54,2252,212,2094,52,2092,2,160,0.390977443609023,0.929748482220295,0.245283018867925,0.754716981132076,0.000955109837631328,0.999044890162369,0.962962962962963,0.037037037037037,0.928952042628774,0.0710479573712256,256.811320754717,0.75543850788268,339.95
"CV",0.854001286099144,0.982986362255574,55,2251,212,2094,53,2092,2,159,0.397003745318352,0.930182133564614,0.25,0.75,0.000955109837631328,0.999044890162369,0.963636363636364,0.0363636363636364,0.929364726788094,0.0706352732119058,261.75,0.750717017208413,348.666666666667
"CV",0.853973731555685,0.982982666164033,56,2250,212,2094,54,2092,2,158,0.402985074626866,0.930615784908933,0.254716981132075,0.745283018867924,0.000955109837631328,0.999044890162369,0.964285714285714,0.0357142857142857,0.929777777777778,0.0702222222222222,266.688679245283,0.745995526534146,357.493670886076
"CV",0.853097607134898,0.982865035248017,57,2249,212,2094,55,2092,2,157,0.408921933085502,0.931049436253252,0.259433962264151,0.740566037735849,0.000955109837631328,0.999044890162369,0.964912280701754,0.0350877192982456,0.93019119608715,0.0698088039128502,271.627358490566,0.741274035859879,366.433121019108
"CV",0.852985155318409,0.982849921695659,58,2248,212,2094,56,2092,2,156,0.414814814814815,0.931483087597572,0.264150943396226,0.735849056603774,0.000955109837631328,0.999044890162369,0.96551724137931,0.0344827586206897,0.930604982206406,0.0693950177935943,276.566037735849,0.736552545185613,375.48717948718
"CV",0.851921073107023,0.98270673433892,59,2247,212,2094,57,2092,2,155,0.420664206642066,0.931916738941891,0.268867924528302,0.731132075471698,0.000955109837631328,0.999044890162369,0.966101694915254,0.0338983050847458,0.931019136626613,0.0689808633733867,281.504716981132,0.731831054511346,384.658064516129
"CV",0.851735298473188,0.982681703327834,60,2246,212,2094,58,2092,2,154,0.426470588235294,0.93235039028621,0.273584905660377,0.726415094339623,0.000955109837631328,0.999044890162369,0.966666666666667,0.0333333333333333,0.931433659839715,0.068566340160285,286.443396226415,0.727109563837079,393.948051948052
"CV",0.851390682951903,0.982635244774172,61,2245,212,2094,59,2092,2,153,0.432234432234432,0.932784041630529,0.278301886792453,0.721698113207547,0.000955109837631328,0.999044890162369,0.967213114754098,0.0327868852459016,0.93184855233853,0.0681514476614699,291.382075471698,0.722388073162813,403.359477124183
"CV",0.851372284437138,0.982632763486455,62,2244,212,2094,60,2092,2,152,0.437956204379562,0.933217692974848,0.283018867924528,0.716981132075472,0.000955109837631328,0.999044890162369,0.967741935483871,0.032258064516129,0.932263814616756,0.0677361853832442,296.320754716981,0.717666582488546,412.894736842105
"CV",0.850022608783473,0.982450482855507,63,2243,212,2094,61,2092,2,151,0.443636363636364,0.933651344319167,0.287735849056604,0.712264150943396,0.000955109837631328,0.999044890162369,0.968253968253968,0.0317460317460317,0.93267944716897,0.0673205528310299,301.259433962264,0.712945091814279,422.556291390728
"CV",0.849994762856407,0.982446716738455,64,2242,212,2094,62,2092,2,150,0.449275362318841,0.934084995663487,0.292452830188679,0.707547169811321,0.000955109837631328,0.999044890162369,0.96875,0.03125,0.933095450490633,0.0669045495093666,306.198113207547,0.708223601140012,432.346666666667
"CV",0.849955300974845,0.982441379208966,65,2241,212,2094,63,2092,2,149,0.454873646209386,0.934518647007806,0.297169811320755,0.702830188679245,0.000955109837631328,0.999044890162369,0.969230769230769,0.0307692307692308,0.93351182507809,0.0664881749219099,311.13679245283,0.703502110465746,442.268456375839
"CV",0.849750192093735,0.982413629571351,66,2240,212,2094,64,2092,2,148,0.460431654676259,0.934952298352125,0.30188679245283,0.69811320754717,0.000955109837631328,0.999044890162369,0.96969696969697,0.0303030303030303,0.933928571428571,0.0660714285714286,316.075471698113,0.698780619791479,452.324324324324
"CV",0.849688856986575,0.982405329110485,67,2239,212,2094,65,2092,2,147,0.46594982078853,0.935385949696444,0.306603773584906,0.693396226415094,0.000955109837631328,0.999044890162369,0.970149253731343,0.0298507462686567,0.934345690040197,0.0656543099598035,321.014150943396,0.694059129117212,462.517006802721
"CV",0.849621341893471,0.982396191090612,68,2238,212,2094,66,2092,2,146,0.471428571428571,0.935819601040763,0.311320754716981,0.688679245283019,0.000955109837631328,0.999044890162369,0.970588235294118,0.0294117647058824,0.934763181411975,0.065236818588025,325.952830188679,0.689337638442945,472.849315068493
"CV",0.849026586590006,0.982315636827135,69,2237,212,2094,67,2092,2,145,0.476868327402135,0.936253252385082,0.316037735849057,0.683962264150943,0.000955109837631328,0.999044890162369,0.971014492753623,0.0289855072463768,0.935181046043809,0.0648189539561913,330.891509433962,0.684616147768679,483.324137931034
"CV",0.848790430478905,0.982283623960261,70,2236,212,2094,68,2092,2,144,0.482269503546099,0.936686903729402,0.320754716981132,0.679245283018868,0.000955109837631328,0.999044890162369,0.971428571428571,0.0285714285714286,0.935599284436494,0.0644007155635063,335.830188679245,0.679894657094412,493.944444444444
"CV",0.848269504871126,0.982212952653395,71,2235,212,2094,69,2092,2,143,0.487632508833922,0.937120555073721,0.325471698113208,0.674528301886792,0.000955109837631328,0.999044890162369,0.971830985915493,0.028169014084507,0.936017897091723,0.0639821029082774,340.768867924528,0.675173166420145,504.713286713287
"CV",0.846947598320456,0.982033271965246,72,2234,212,2094,70,2092,2,142,0.492957746478873,0.93755420641804,0.330188679245283,0.669811320754717,0.000955109837631328,0.999044890162369,0.972222222222222,0.0277777777777778,0.936436884512086,0.0635631154879141,345.707547169811,0.670451675745878,515.633802816901
"CV",0.846513095527856,0.981974103845154,73,2233,212,2094,71,2092,2,141,0.498245614035088,0.937987857762359,0.334905660377358,0.665094339622642,0.000955109837631328,0.999044890162369,0.972602739726027,0.0273972602739726,0.936856247201075,0.0631437527989252,350.646226415094,0.665730185071612,526.709219858156
"CV",0.846390234278552,0.981957363575399,74,2232,212,2094,72,2092,2,140,0.503496503496503,0.938421509106678,0.339622641509434,0.660377358490566,0.000955109837631328,0.999044890162369,0.972972972972973,0.027027027027027,0.937275985663082,0.0627240143369176,355.584905660377,0.661008694397345,537.942857142857
"CV",0.84639017998329,0.981957356176534,75,2231,212,2094,73,2092,2,139,0.508710801393728,0.938855160450997,0.344339622641509,0.655660377358491,0.000955109837631328,0.999044890162369,0.973333333333333,0.0266666666666667,0.937696100403407,0.0623038995965935,360.52358490566,0.656287203723078,549.338129496403
"CV",0.846204536308693,0.981932053443132,76,2230,212,2094,73,2091,3,139,0.506944444444444,0.938421509106678,0.344339622641509,0.655660377358491,0.00143266475644699,0.998567335243553,0.960526315789474,0.0394736842105263,0.937668161434978,0.0623318385650224,240.349056603774,0.656601066565605,366.05035971223
"CV",0.846064093279612,0.981912904925326,77,2229,212,2094,74,2091,3,138,0.512110726643599,0.938855160450997,0.349056603773585,0.650943396226415,0.00143266475644699,0.998567335243553,0.961038961038961,0.038961038961039,0.938088829071332,0.0619111709286676,243.641509433962,0.651877317885276,373.753623188406
"CV",0.845875488597639,0.981887181043446,78,2228,212,2094,75,2091,3,137,0.517241379310345,0.939288811795317,0.35377358490566,0.64622641509434,0.00143266475644699,0.998567335243553,0.961538461538462,0.0384615384615385,0.93850987432675,0.0614901256732496,246.933962264151,0.647153569204948,381.569343065693
"CV",0.845629890984722,0.981853668690897,79,2227,212,2094,76,2091,3,136,0.52233676975945,0.939722463139636,0.358490566037736,0.641509433962264,0.00143266475644699,0.998567335243553,0.962025316455696,0.0379746835443038,0.938931297709924,0.0610687022900763,250.22641509434,0.64242982052462,389.5
"CV",0.845624384859723,0.98185291717075,80,2226,212,2094,77,2091,3,135,0.527397260273973,0.940156114483955,0.363207547169811,0.636792452830189,0.00143266475644699,0.998567335243553,0.9625,0.0375,0.939353099730458,0.0606469002695418,253.518867924528,0.637706071844292,397.548148148148
"CV",0.845438119429613,0.981827489080648,81,2225,212,2094,78,2091,3,134,0.532423208191126,0.940589765828274,0.367924528301887,0.632075471698113,0.00143266475644699,0.998567335243553,0.962962962962963,0.037037037037037,0.939775280898876,0.0602247191011236,256.811320754717,0.632982323163964,405.716417910448
"CV",0.845196169618436,0.981794444451452,82,2224,212,2094,79,2091,3,133,0.537414965986394,0.941023417172593,0.372641509433962,0.627358490566038,0.00143266475644699,0.998567335243553,0.963414634146341,0.0365853658536585,0.940197841726619,0.0598021582733813,260.103773584906,0.628258574483636,414.007518796992
"CV",0.844907759689998,0.981755032650751,83,2223,212,2094,80,2091,3,132,0.542372881355932,0.941457068516912,0.377358490566038,0.622641509433962,0.00143266475644699,0.998567335243553,0.963855421686747,0.036144578313253,0.940620782726046,0.0593792172739541,263.396226415094,0.623534825803308,422.424242424242
"CV",0.844744535268645,0.981732717181055,84,2222,212,2094,81,2091,3,131,0.547297297297297,0.941890719861232,0.382075471698113,0.617924528301887,0.00143266475644699,0.998567335243553,0.964285714285714,0.0357142857142857,0.941044104410441,0.058955895589559,266.688679245283,0.61881107712298,430.969465648855
"CV",0.844210680513779,0.981659677262164,85,2221,212,2094,82,2091,3,130,0.552188552188552,0.942324371205551,0.386792452830189,0.613207547169811,0.00143266475644699,0.998567335243553,0.964705882352941,0.0352941176470588,0.941467807294012,0.0585321927059883,269.981132075472,0.614087328442652,439.646153846154
"CV",0.84354437232546,0.981568401161099,86,2220,212,2094,83,2091,3,129,0.557046979865772,0.94275802254987,0.391509433962264,0.608490566037736,0.00143266475644699,0.998567335243553,0.965116279069767,0.0348837209302326,0.941891891891892,0.0581081081081081,273.27358490566,0.609363579762324,448.457364341085
"CV",0.843193913037491,0.981520341441092,87,2219,212,2094,84,2091,3,128,0.561872909698997,0.943191673894189,0.39622641509434,0.60377358490566,0.00143266475644699,0.998567335243553,0.96551724137931,0.0344827586206897,0.942316358720144,0.0576836412798558,276.566037735849,0.604639831081996,457.40625
"CV",0.841554588197891,0.981295066249321,88,2218,212,2094,85,2091,3,127,0.566666666666667,0.943625325238508,0.400943396226415,0.599056603773585,0.00143266475644699,0.998567335243553,0.965909090909091,0.0340909090909091,0.942741208295762,0.0572587917042381,279.858490566038,0.599916082401668,466.496062992126
"CV",0.841125081872198,0.98123591568073,89,2217,212,2094,86,2091,3,126,0.571428571428572,0.944058976582827,0.405660377358491,0.594339622641509,0.00143266475644699,0.998567335243553,0.966292134831461,0.0337078651685393,0.943166441136671,0.0568335588633288,283.150943396226,0.595192333721339,475.730158730159
"CV",0.840481106025604,0.981147129004718,90,2216,212,2094,87,2091,3,125,0.576158940397351,0.944492627927147,0.410377358490566,0.589622641509434,0.00143266475644699,0.998567335243553,0.966666666666667,0.0333333333333333,0.943592057761733,0.0564079422382671,286.443396226415,0.590468585041011,485.112
"CV",0.840256028266395,0.981116068629308,91,2215,212,2094,88,2091,3,124,0.580858085808581,0.944926279271466,0.415094339622642,0.584905660377358,0.00143266475644699,0.998567335243553,0.967032967032967,0.032967032967033,0.944018058690745,0.0559819413092551,289.735849056604,0.585744836360683,494.645161290323
"CV",0.840226722904958,0.981112023456069,92,2214,212,2094,89,2091,3,123,0.585526315789474,0.945359930615785,0.419811320754717,0.580188679245283,0.00143266475644699,0.998567335243553,0.967391304347826,0.0326086956521739,0.944444444444444,0.0555555555555556,293.028301886792,0.581021087680355,504.333333333333
"CV",0.839971421945299,0.98107677239271,93,2213,212,2094,90,2091,3,122,0.590163934426229,0.945793581960104,0.424528301886792,0.575471698113208,0.00143266475644699,0.998567335243553,0.967741935483871,0.032258064516129,0.94487121554451,0.0551287844554903,296.320754716981,0.576297339000027,514.180327868852
"CV",0.839092111543801,0.980955215547661,94,2212,212,2094,91,2091,3,121,0.594771241830065,0.946227233304423,0.429245283018868,0.570754716981132,0.00143266475644699,0.998567335243553,0.968085106382979,0.0319148936170213,0.945298372513562,0.0547016274864376,299.61320754717,0.571573590319699,524.190082644628
"CV",0.838970920031211,0.980938444284271,95,2211,212,2094,92,2091,3,120,0.599348534201954,0.946660884648742,0.433962264150943,0.566037735849057,0.00143266475644699,0.998567335243553,0.968421052631579,0.0315789473684211,0.94572591587517,0.0542740841248304,302.905660377359,0.566849841639371,534.366666666667
"CV",0.83880174759807,0.980915025966894,96,2210,212,2094,93,2091,3,119,0.603896103896104,0.947094535993062,0.438679245283019,0.561320754716981,0.00143266475644699,0.998567335243553,0.96875,0.03125,0.946153846153846,0.0538461538461538,306.198113207547,0.562126092959043,544.714285714286
"CV",0.838737270953179,0.980906098357777,97,2209,212,2094,94,2091,3,118,0.608414239482201,0.947528187337381,0.443396226415094,0.556603773584906,0.00143266475644699,0.998567335243553,0.969072164948454,0.0309278350515464,0.946582163875057,0.0534178361249434,309.490566037736,0.557402344278715,555.237288135593
"CV",0.838335767427831,0.980850477862565,98,2208,212,2094,95,2091,3,117,0.612903225806452,0.9479618386817,0.44811320754717,0.55188679245283,0.00143266475644699,0.998567335243553,0.969387755102041,0.0306122448979592,0.947010869565217,0.0529891304347826,312.783018867925,0.552678595598387,565.940170940171
"CV",0.837205758435825,0.980693684719107,99,2207,212,2094,96,2091,3,116,0.617363344051447,0.948395490026019,0.452830188679245,0.547169811320755,0.00143266475644699,0.998567335243553,0.96969696969697,0.0303030303030303,0.947439963751699,0.0525600362483009,316.075471698113,0.547954846918059,576.827586206897
"CV",0.837076402979523,0.980675712345924,100,2206,212,2094,97,2091,3,115,0.621794871794872,0.948829141370338,0.457547169811321,0.542452830188679,0.00143266475644699,0.998567335243553,0.97,0.03,0.947869446962829,0.0521305530371714,319.367924528302,0.543231098237731,587.904347826087
"CV",0.830488156358676,0.979753835556397,116,2190,212,2094,111,2089,5,101,0.676829268292683,0.954032957502168,0.523584905660377,0.476415094339623,0.00238777459407832,0.997612225405922,0.956896551724138,0.0431034482758621,0.953881278538813,0.0461187214611872,219.277358490566,0.477555388964658,459.166336633663
"CV",0.821405805453284,0.978461643617184,139,2167,212,2094,134,2089,5,78,0.763532763532763,0.964006938421509,0.632075471698113,0.367924528301887,0.00238777459407832,0.997612225405922,0.964028776978417,0.0359712230215827,0.964005537609599,0.0359944623904015,264.71320754717,0.368805151873696,717.758974358974
"CV",0.807464911055144,0.976428571992508,162,2144,212,2094,154,2086,8,58,0.823529411764706,0.971379011274935,0.726415094339623,0.273584905660377,0.00382043935052531,0.996179560649475,0.950617283950617,0.0493827160493827,0.97294776119403,0.0270522388059701,190.139150943396,0.274634128692632,692.336206896552
"CV",0.568457578773897,0.92862822523588,185,2121,212,2094,175,2084,10,37,0.881612090680101,0.979618386816999,0.825471698113208,0.174528301886792,0.00477554918815664,0.995224450811843,0.945945945945946,0.0540540540540541,0.982555398396983,0.0174446016030174,172.853773584906,0.175365769746134,985.675675675676
"CV",0.0502334596744992,0.343149606454776,208,2098,212,2094,175,2061,33,37,0.833333333333333,0.969644405897658,0.825471698113208,0.174528301886792,0.0157593123209169,0.984240687679083,0.841346153846154,0.158653846153846,0.982364156339371,0.0176358436606292,52.3799313893654,0.177322787069842,295.39312039312
"CV",0.0419279979615773,0.301803591495504,231,2075,212,2094,175,2038,56,37,0.790067720090293,0.959670424978317,0.825471698113208,0.174528301886792,0.0267430754536772,0.973256924546323,0.757575757575758,0.242424242424242,0.982168674698795,0.0178313253012048,30.8667452830189,0.179323976521562,172.128378378378
"CV",0.0388018100542304,0.28506618154316,254,2052,212,2094,175,2015,79,37,0.75107296137339,0.949696444058977,0.825471698113208,0.174528301886792,0.0377268385864374,0.962273161413563,0.688976377952756,0.311023622047244,0.981968810916179,0.0180311890838207,21.8802245044184,0.181370850695257,120.638043106398
"CV",0.0359667838137191,0.269278785115451,277,2029,212,2094,175,1992,102,37,0.715746421267894,0.939722463139636,0.825471698113208,0.174528301886792,0.0487106017191977,0.951289398280802,0.631768953068592,0.368231046931408,0.981764415968457,0.0182355840315426,16.946448390677,0.183464992043646,92.368839427663
"CV",0.034417591045864,0.260394618123212,300,2006,212,2094,176,1970,124,36,0.6875,0.930615784908933,0.830188679245283,0.169811320754717,0.0592168099331423,0.940783190066858,0.586666666666667,0.413333333333333,0.982053838484546,0.0179461615154536,14.019476567255,0.180499952111867,77.6702508960574
"CV",0.0333151515549309,0.253957597564646,323,1983,212,2094,176,1947,147,36,0.657943925233645,0.920641803989592,0.830188679245283,0.169811320754717,0.0702005730659026,0.929799426934097,0.544891640866873,0.455108359133127,0.981845688350983,0.0181543116490166,11.8259530227185,0.182632206297061,64.7528344671202
"CV",0.03249134079478,0.249083619227984,346,1960,212,2094,176,1924,170,36,0.630824372759857,0.910667823070252,0.830188679245283,0.169811320754717,0.0811843361986628,0.918815663801337,0.508670520231214,0.491329479768786,0.981632653061224,0.0183673469387755,10.2259711431743,0.184815439532421,55.3307189542484
"CV",0.0317079551282107,0.24439720853808,369,1937,212,2094,176,1901,193,36,0.605851979345955,0.900693842150911,0.830188679245283,0.169811320754717,0.0921680993314231,0.907831900668577,0.476964769647696,0.523035230352303,0.981414558595767,0.0185854414042333,9.00733209502395,0.18705150218852,48.1542890040299
"CV",0.0312511611306786,0.241641000183315,392,1914,212,2094,176,1878,216,36,0.582781456953642,0.89071986123157,0.830188679245283,0.169811320754717,0.103151862464183,0.896848137535817,0.448979591836735,0.551020408163265,0.981191222570533,0.0188087774294671,8.0482180293501,0.189342335282416,42.5061728395062
"CV",0.0307667951171359,0.238699247869752,415,1891,212,2094,177,1856,238,35,0.564593301435407,0.881613183000867,0.834905660377358,0.165094339622642,0.113658070678128,0.886341929321872,0.426506024096386,0.573493975903615,0.981491274457959,0.0185087255420412,7.3457666085302,0.186264842225114,39.4372148859544
"CV",0.0304066546689926,0.236499055550527,438,1868,212,2094,178,1834,260,34,0.547692307692308,0.872506504770165,0.839622641509434,0.160377358490566,0.124164278892073,0.875835721107927,0.406392694063927,0.593607305936073,0.981798715203426,0.0182012847965739,6.7621915820029,0.183113516182795,36.9289592760181
"CV",0.0298722863115409,0.233213969247109,461,1845,212,2094,178,1811,283,34,0.528974739970282,0.862532523850824,0.839622641509434,0.160377358490566,0.135148042024833,0.864851957975167,0.386117136659436,0.613882863340564,0.981571815718157,0.0184281842818428,6.21261417427829,0.185439088171864,33.5021824984411
"CV",0.0294106687748302,0.23035622971994,484,1822,212,2094,178,1788,306,34,0.511494252873563,0.852558542931483,0.839622641509434,0.160377358490566,0.146131805157593,0.853868194842407,0.367768595041322,0.632231404958678,0.981339187705818,0.0186608122941822,5.7456529781724,0.187824490312777,30.5905420991926
"CV",0.0289692721647804,0.227606247828507,507,1799,212,2094,180,1767,327,32,0.500695410292072,0.844319167389419,0.849056603773585,0.150943396226415,0.156160458452722,0.843839541547278,0.355029585798817,0.644970414201183,0.982212340188994,0.0177876598110061,5.43707806820149,0.178876894000064,30.3956422018349
"CV",0.0285750441369867,0.225135601710597,530,1776,212,2094,181,1745,349,31,0.487870619946092,0.835212489158716,0.85377358490566,0.14622641509434,0.166666666666667,0.833333333333333,0.341509433962264,0.658490566037736,0.982545045045045,0.017454954954955,5.12264150943396,0.175471698113208,29.1935483870968
"CV",0.0283276083185557,0.223577851251881,553,1753,212,2094,183,1724,370,29,0.47843137254902,0.826973113616652,0.863207547169811,0.136792452830189,0.176695319961796,0.823304680038204,0.330922242314647,0.669077757685353,0.983456930975471,0.0165430690245294,4.88528811830699,0.166150461848269,29.4027958993476
"CV",0.0280835374769389,0.222035918705401,576,1730,212,2094,184,1702,392,28,0.467005076142132,0.81786643538595,0.867924528301887,0.132075471698113,0.18720152817574,0.81279847182426,0.319444444444444,0.680555555555556,0.983815028901734,0.0161849710982659,4.63631112822488,0.162494734274882,28.5320699708455
"CV",0.0278548367044164,0.220586225803454,599,1707,212,2094,184,1679,415,28,0.453760789149199,0.807892454466609,0.867924528301887,0.132075471698113,0.1981852913085,0.8018147086915,0.307178631051753,0.692821368948247,0.983596953719977,0.0164030462800234,4.37935894521482,0.164720689538921,26.5865748709122
"CV",0.0276288302506024,0.219148967821707,622,1684,212,2094,186,1658,436,26,0.446043165467626,0.799653078924545,0.877358490566038,0.122641509433962,0.208213944603629,0.791786055396371,0.29903536977492,0.70096463022508,0.984560570071259,0.0154394299287411,4.21373550285615,0.15489223205954,27.2043048694425
"CV",0.0273922532788149,0.21763951834616,645,1661,212,2094,186,1635,459,26,0.434072345390899,0.789679098005204,0.877358490566038,0.122641509433962,0.21919770773639,0.78080229226361,0.288372093023256,0.711627906976744,0.984346779048766,0.0156532209512342,4.00258971513134,0.157071144192487,25.4826546003017
"CV",0.0271573008615026,0.216135378019574,668,1638,212,2094,188,1614,480,24,0.427272727272727,0.78143972246314,0.886792452830189,0.113207547169811,0.229226361031519,0.770773638968481,0.281437125748503,0.718562874251497,0.985347985347985,0.0146520146520147,3.8686320754717,0.146875219190573,26.3395833333333
"CV",0.0269444293560852,0.214768225366162,691,1615,212,2094,188,1591,503,24,0.416389811738649,0.771465741543799,0.886792452830189,0.113207547169811,0.240210124164279,0.759789875835721,0.272069464544139,0.727930535455861,0.985139318885449,0.0148606811145511,3.69173637420758,0.148998493886603,24.7770046388337
"CV",0.0267259535660987,0.213360736936395,714,1592,212,2094,188,1568,526,24,0.406047516198704,0.761491760624458,0.886792452830189,0.113207547169811,0.251193887297039,0.748806112702961,0.263305322128852,0.736694677871149,0.984924623115578,0.0150753768844221,3.53031063921372,0.151184058529072,23.3510773130545
"CV",0.0265531543494747,0.212244381916887,737,1569,212,2094,189,1546,548,23,0.398314014752371,0.752385082393755,0.891509433962264,0.108490566037736,0.261700095510984,0.738299904489016,0.256445047489824,0.743554952510176,0.98534098151689,0.0146590184831103,3.40660721663683,0.146946471722522,23.182640431609
"CV",0.0263844008949303,0.211151485898513,760,1546,212,2094,190,1524,570,22,0.390946502057613,0.743278404163053,0.89622641509434,0.10377358490566,0.272206303724928,0.727793696275072,0.25,0.75,0.985769728331177,0.0142302716688228,3.29245283018868,0.142586539890061,23.0909090909091
"CV",0.0261797566610675,0.209822586115029,783,1523,212,2094,191,1502,592,21,0.38391959798995,0.73417172593235,0.900943396226415,0.0990566037735849,0.282712511938873,0.717287488061127,0.243933588761175,0.756066411238825,0.986211424819435,0.0137885751805647,3.18678289138195,0.138098887018566,23.076093951094
"CV",0.0259949217314776,0.208618950300811,806,1500,212,2094,191,1479,615,21,0.37524557956778,0.724197745013009,0.900943396226415,0.0990566037735849,0.293696275071633,0.706303724928367,0.23697270471464,0.76302729528536,0.986,0.014,3.06760239300506,0.140246469440086,21.8729384436701
"CV",0.025840578806073,0.20761141529391,829,1477,212,2094,191,1456,638,21,0.366954851104707,0.714223764093669,0.900943396226415,0.0990566037735849,0.304680038204393,0.695319961795607,0.230398069963812,0.769601930036188,0.985781990521327,0.014218009478673,2.95701484592181,0.142461901306241,20.7565308254963
"CV",0.0257127724710033,0.206775407099273,852,1454,212,2094,191,1433,661,21,0.359022556390977,0.704249783174328,0.900943396226415,0.0990566037735849,0.315663801337154,0.684336198662846,0.224178403755869,0.775821596244131,0.985557083906465,0.0144429160935351,2.85412325521651,0.144748449617506,19.7178157193286
"CV",0.0254943107967834,0.205342821215241,875,1431,212,2094,191,1410,684,21,0.351425942962282,0.694275802254987,0.900943396226415,0.0990566037735849,0.326647564469914,0.673352435530086,0.218285714285714,0.781714285714286,0.985324947589098,0.0146750524109015,2.75815127441245,0.147109594540345,18.7489557226399
"CV",0.0253621310778398,0.204473836257837,898,1408,212,2094,192,1388,706,20,0.345945945945946,0.685169124024284,0.905660377358491,0.0943396226415094,0.337153772683859,0.662846227316141,0.21380846325167,0.78619153674833,0.985795454545455,0.0142045454545455,2.68619381046555,0.142325050296341,18.8736543909348
"CV",0.0252399057483209,0.203668811562591,921,1385,212,2094,192,1365,729,20,0.338923212709621,0.675195143104944,0.905660377358491,0.0943396226415094,0.348137535816619,0.651862464183381,0.208469055374593,0.791530944625407,0.985559566787004,0.0144404332129964,2.6014442115071,0.144723201326975,17.9753086419753
"CV",0.0250297625752321,0.202281383561865,944,1362,212,2094,192,1342,752,20,0.332179930795848,0.665221162185603,0.905660377358491,0.0943396226415094,0.359121298949379,0.640878701050621,0.203389830508475,0.796610169491525,0.985315712187959,0.0146842878120411,2.52187876354878,0.147203554255828,17.131914893617
"CV",0.0248142475237568,0.200854082695598,967,1339,212,2094,193,1320,774,19,0.327396098388465,0.6561144839549,0.910377358490566,0.089622641509434,0.369627507163324,0.630372492836676,0.199586349534643,0.800413650465357,0.985810306198656,0.0141896938013443,2.46295890010238,0.14217409948542,17.3235414116687
"CV",0.0246604023813551,0.199832464986614,990,1316,212,2094,193,1297,797,19,0.321131447587354,0.646140503035559,0.910377358490566,0.089622641509434,0.380611270296084,0.619388729703916,0.194949494949495,0.805050505050505,0.985562310030395,0.0144376899696049,2.39188229445326,0.144695305567274,16.5304761275837
"CV",0.024540535638734,0.199034894711581,1013,1293,212,2094,193,1274,820,19,0.315102040816327,0.636166522116219,0.910377358490566,0.089622641509434,0.391595033428844,0.608404966571156,0.190523198420533,0.809476801579467,0.985305491105955,0.0146945088940449,2.32479291302347,0.147307544207814,15.7818998716303
"CV",0.0244221890466057,0.198246070693647,1036,1270,212,2094,194,1252,842,18,0.310897435897436,0.627059843885516,0.915094339622642,0.0849056603773585,0.402101241642789,0.597898758357211,0.187258687258687,0.812741312741313,0.985826771653543,0.0141732283464567,2.27578093488101,0.142006751461812,16.0258643441541
"CV",0.0242102705549277,0.196830146475043,1059,1247,212,2094,194,1229,865,18,0.305271439811172,0.617085862966175,0.915094339622642,0.0849056603773585,0.413085004775549,0.586914995224451,0.183191690273843,0.816808309726157,0.985565356856456,0.0144346431435445,2.21526884065874,0.144664322888681,15.3131663455363
"CV",0.0240572667907911,0.195805129513178,1082,1224,212,2094,194,1206,888,18,0.29984544049459,0.607111882046834,0.915094339622642,0.0849056603773585,0.424068767908309,0.575931232091691,0.179297597042514,0.820702402957486,0.985294117647059,0.0147058823529412,2.15789138194799,0.147423261053224,14.6373873873874
"CV",0.0239255676346685,0.194920999090735,1105,1201,212,2094,194,1183,911,18,0.294608959757024,0.597137901127494,0.915094339622642,0.0849056603773585,0.43505253104107,0.56494746895893,0.175565610859728,0.824434389140271,0.985012489592007,0.0149875104079933,2.10341113849595,0.150289478301089,13.9957311867301
"CV",0.0238627569749452,0.194498734098496,1128,1178,212,2094,194,1160,934,18,0.28955223880597,0.587163920208153,0.915094339622642,0.0849056603773585,0.44603629417383,0.55396370582617,0.171985815602837,0.828014184397163,0.98471986417657,0.0152801358234295,2.05161407619894,0.153269355888094,13.3856768974542
"CV",0.0237218487865405,0.19355001802492,1151,1155,212,2094,194,1137,957,18,0.284666177549523,0.577189939288812,0.915094339622642,0.0849056603773585,0.45702005730659,0.54297994269341,0.168549087749783,0.831450912250217,0.984415584415584,0.0155844155844156,2.00230673685456,0.156369791407378,12.8049460118426
"CV",0.0235945864409626,0.192691491025427,1174,1132,212,2094,194,1114,980,18,0.27994227994228,0.567215958369471,0.915094339622642,0.0849056603773585,0.468003820439351,0.531996179560649,0.165247018739353,0.834752981260647,0.984098939929329,0.0159010600706714,1.95531382364266,0.159598252091731,12.2514739229025
"CV",0.0233391466127721,0.190963413737854,1197,1109,212,2094,194,1091,1003,18,0.275372604684173,0.55724197745013,0.915094339622642,0.0849056603773585,0.478987583572111,0.521012416427889,0.162071846282373,0.837928153717627,0.983769161406673,0.0162308385933273,1.91047611881337,0.162962834858101,11.7233853993575
"CV",0.0232183784350647,0.190144142027141,1220,1086,212,2094,195,1069,1025,17,0.272346368715084,0.548135299219428,0.919811320754717,0.080188679245283,0.489493791786055,0.510506208213945,0.159836065573771,0.840163934426229,0.984346224677716,0.0156537753222836,1.87910722503451,0.157076795453342,11.9629842180775
"CV",0.023098307794528,0.189328157132641,1243,1063,212,2094,196,1047,1047,16,0.269415807560137,0.539028620988725,0.924528301886792,0.0754716981132075,0.5,0.5,0.157683024939662,0.842316975060338,0.984948259642521,0.0150517403574788,1.84905660377358,0.150943396226415,12.25
"CV",0.0229103893748037,0.188048185761056,1266,1040,212,2094,196,1024,1070,16,0.265223274695535,0.529054640069384,0.924528301886792,0.0754716981132075,0.51098376313276,0.48901623686724,0.154818325434439,0.845181674565561,0.984615384615385,0.0153846153846154,1.80931052724387,0.154333726415094,11.7233644859813
"CV",0.022783451733628,0.187181563512629,1289,1017,212,2094,196,1001,1093,16,0.261159227181879,0.519080659150043,0.924528301886792,0.0754716981132075,0.521967526265521,0.478032473734479,0.152055857253685,0.847944142746315,0.984267453294002,0.015732546705998,1.77123720416372,0.157879855993064,11.2188929551693
"CV",0.0225514936523323,0.185593747163845,1312,994,212,2094,196,978,1116,16,0.257217847769029,0.509106678230703,0.924528301886792,0.0754716981132075,0.532951289398281,0.467048710601719,0.149390243902439,0.850609756097561,0.983903420523139,0.0160965794768612,1.73473321160479,0.161592776941776,10.7352150537634
"CV",0.02240270907482,0.184572404768152,1335,971,212,2094,196,955,1139,16,0.253393665158371,0.499132697311362,0.924528301886792,0.0754716981132075,0.543935052531041,0.456064947468959,0.146816479400749,0.853183520599251,0.983522142121524,0.0164778578784758,1.69970348037835,0.16548454015608,10.2710711150132
"CV",0.0222762774600583,0.183702735537612,1358,948,212,2094,196,932,1162,16,0.24968152866242,0.489158716392021,0.924528301886792,0.0754716981132075,0.554918815663801,0.445081184336199,0.144329896907216,0.855670103092783,0.983122362869198,0.0168776371308017,1.66606046828825,0.169568386104138,9.82530120481928
"CV",0.0221149642066492,0.182590761117315,1381,925,212,2094,197,910,1184,15,0.247332077840552,0.480052038161318,0.929245283018868,0.0707547169811321,0.565425023877746,0.434574976122254,0.142650253439537,0.857349746560463,0.983783783783784,0.0162162162162162,1.643445627231,0.162813601492847,10.0940315315315
"CV",0.0219497844060126,0.181449371575643,1404,902,212,2094,197,887,1207,15,0.243811881188119,0.470078057241977,0.929245283018868,0.0707547169811321,0.576408787010506,0.423591212989494,0.14031339031339,0.85968660968661,0.983370288248337,0.016629711751663,1.61212893342296,0.167035374699538,9.65142225904446
"CV",0.0218264797022248,0.180595510352997,1427,879,212,2094,199,866,1228,13,0.242830994508847,0.461838681699913,0.938679245283019,0.0613207547169811,0.586437440305635,0.413562559694365,0.139453398738612,0.860546601261387,0.985210466439135,0.0147895335608646,1.60064685637023,0.148274434615887,10.7951641192684
"CV",0.0216756809769235,0.179549127399515,1450,856,212,2094,199,843,1251,13,0.239470517448857,0.451864700780572,0.938679245283019,0.0613207547169811,0.597421203438395,0.402578796561605,0.137241379310345,0.862758620689655,0.98481308411215,0.0151869158878505,1.57121849690059,0.152319881823676,10.3152554879174
"CV",0.0215188307438365,0.178458257698459,1473,833,212,2094,200,821,1273,12,0.237388724035608,0.44275802254987,0.943396226415094,0.0566037735849057,0.60792741165234,0.39207258834766,0.135777325186694,0.864222674813306,0.985594237695078,0.014405762304922,1.55182380056026,0.144370647852366,10.7488871432312
"CV",0.021367571287927,0.177403852395729,1496,810,212,2094,201,799,1295,11,0.23536299765808,0.433651344319167,0.94811320754717,0.0518867924528302,0.618433619866285,0.381566380133715,0.134358288770053,0.865641711229946,0.98641975308642,0.0135802469135802,1.53308807459751,0.135983658818807,11.2740610740611
"CV",0.0212161295902633,0.176345789527924,1519,787,212,2094,201,776,1318,11,0.232235701906412,0.423677363399827,0.94811320754717,0.0518867924528302,0.629417382999045,0.370582617000955,0.132323897300856,0.867676102699144,0.986022871664549,0.0139771283354511,1.50633464082229,0.140014102314725,10.7584494413022
"CV",0.0211033642936725,0.175556386979983,1542,764,212,2094,201,753,1341,11,0.229190421892816,0.413703382480486,0.94811320754717,0.0518867924528302,0.640401146131805,0.359598853868195,0.130350194552529,0.869649805447471,0.985602094240838,0.0143979057591623,1.48049892364189,0.144290761482372,10.2605247101891
"CV",0.0209853475998155,0.174728795744848,1565,741,212,2094,201,730,1364,11,0.226223972988182,0.403729401561145,0.94811320754717,0.0518867924528302,0.651384909264565,0.348615090735435,0.128434504792332,0.871565495207668,0.985155195681511,0.0148448043184885,1.45553449897637,0.148836908761954,9.77939216209011
"CV",0.0208849080811455,0.17402331204372,1588,718,212,2094,201,707,1387,11,0.223333333333333,0.393755420641804,0.94811320754717,0.0518867924528302,0.662368672397326,0.337631327602674,0.126574307304786,0.873425692695214,0.984679665738162,0.0153203342618384,1.43139802206473,0.153678844973446,9.31421642524743
"CV",0.0207745574906305,0.173246988745769,1611,695,212,2094,201,684,1410,11,0.220515633571037,0.383781439722463,0.94811320754717,0.0518867924528302,0.673352435530086,0.326647564469914,0.124767225325885,0.875232774674115,0.984172661870504,0.0158273381294964,1.40804897631473,0.158846408474015,8.8642166344294
"CV",0.0206558546205776,0.172410471713679,1634,672,212,2094,201,661,1433,11,0.217768147345612,0.373807458803122,0.94811320754717,0.0518867924528302,0.684336198662846,0.315663801337154,0.123011015911873,0.876988984088127,0.983630952380952,0.0163690476190476,1.38544944633899,0.164373590614563,8.42866205671509
"CV",0.0205057930320326,0.171350830505891,1657,649,212,2094,201,638,1456,11,0.215088282504013,0.363833477883781,0.94811320754717,0.0518867924528302,0.695319961795607,0.304680038204393,0.12130356065178,0.87869643934822,0.983050847457627,0.0169491525423729,1.36356391250259,0.170299284320104,8.00686813186813
"CV",0.0203064950071825,0.169939814328465,1680,626,212,2094,202,616,1478,10,0.213530655391121,0.354726799653079,0.952830188679245,0.0471698113207547,0.705826170009551,0.294173829990449,0.120238095238095,0.879761904761905,0.984025559105431,0.0159744408945687,1.34995021318968,0.160346728742955,8.41894451962111
"CV",0.0201043071901523,0.16850400931704,1703,603,212,2094,202,593,1501,10,0.210966057441253,0.344752818733738,0.952830188679245,0.0471698113207547,0.716809933142311,0.283190066857689,0.118614210217264,0.881385789782736,0.983416252072968,0.0165837479270315,1.32926476688497,0.166565910464857,7.98041305796136
"CV",0.0199776674412827,0.167602467284411,1726,580,212,2094,202,570,1524,10,0.208462332301342,0.334778837814397,0.952830188679245,0.0471698113207547,0.727793696275072,0.272206303724928,0.117033603707995,0.882966396292005,0.982758620689655,0.0172413793103448,1.3092036844451,0.173286991062562,7.55511811023622
"CV",0.019824467473074,0.16650954047526,1749,557,212,2094,202,547,1547,10,0.20601733809281,0.324804856895056,0.952830188679245,0.0471698113207547,0.738777459407832,0.261222540592168,0.115494568324757,0.884505431675243,0.982046678635548,0.0179533213644524,1.28973911770804,0.180573281363182,7.14246929541047
"CV",0.0195328581941162,0.164422202477499,1772,534,212,2094,203,525,1569,9,0.204637096774194,0.315698178664354,0.957547169811321,0.0424528301886792,0.749283667621776,0.250716332378223,0.114559819413093,0.885440180586907,0.98314606741573,0.0168539325842697,1.27795014250153,0.169326145552561,7.54727002336945
"CV",0.0193421594086958,0.163052193346123,1795,511,212,2094,203,502,1592,9,0.202291978076731,0.305724197745013,0.957547169811321,0.0424528301886792,0.760267430754537,0.239732569245463,0.113091922005571,0.886908077994429,0.98238747553816,0.0176125244618395,1.25948729496539,0.17708411636473,7.11236739251815
"CV",0.0191725464780202,0.161830337504706,1818,488,212,2094,203,479,1615,9,0.2,0.295750216825672,0.957547169811321,0.0424528301886792,0.771251193887297,0.228748806112703,0.111661166116612,0.888338833883388,0.98155737704918,0.0184426229508197,1.24155032420118,0.185587111513767,6.68985208118335
"CV",0.0189601352736006,0.160295730174655,1841,465,212,2094,204,457,1637,8,0.198733560642962,0.28664353859497,0.962264150943396,0.0377358490566038,0.781757402101242,0.218242597898758,0.110809342748506,0.889190657251494,0.982795698924731,0.0172043010752688,1.23089867567225,0.172907807274679,7.1188149053146
"CV",0.0187435283693071,0.158725700337833,1864,442,212,2094,204,434,1660,8,0.196531791907514,0.276669557675629,0.962264150943396,0.0377358490566038,0.792741165234002,0.207258834765998,0.109442060085837,0.890557939914163,0.981900452488688,0.0180995475113122,1.21384405546715,0.182071124250065,6.66686746987952
"CV",0.0185325256765855,0.157191305965686,1887,419,212,2094,204,411,1683,8,0.194378275369223,0.266695576756288,0.962264150943396,0.0377358490566038,0.803724928366762,0.196275071633238,0.108108108108108,0.891891891891892,0.98090692124105,0.0190930787589499,1.19725557461407,0.192260019281091,6.22727272727273
"CV",0.0182680904986947,0.155261371386072,1910,396,212,2094,206,390,1704,6,0.194156456173421,0.258456201214224,0.971698113207547,0.0283018867924528,0.813753581661891,0.186246418338109,0.107853403141361,0.892146596858639,0.984848484848485,0.0151515151515152,1.19409380813181,0.151959361393324,7.85798122065728
"CV",0.0179723114605629,0.153093420548262,1933,373,212,2094,207,368,1726,5,0.193006993006993,0.249349522983521,0.976415094339623,0.0235849056603774,0.824259789875836,0.175740210124164,0.107087428867046,0.892912571132954,0.986595174262735,0.0134048257372654,1.18459629637727,0.134203240360952,8.82688296639629
"CV",0.0175448481478734,0.149942867339252,1956,350,212,2094,208,346,1748,4,0.191881918819188,0.240242844752819,0.981132075471698,0.0188679245283019,0.83476599808978,0.16523400191022,0.106339468302658,0.893660531697341,0.988571428571429,0.0114285714285714,1.17533785242433,0.114189115497873,10.2929061784897
"CV",0.0172649659125912,0.147868806189534,1979,327,212,2094,209,324,1770,3,0.190780465540849,0.231136166522116,0.985849056603774,0.0141509433962264,0.845272206303725,0.154727793696275,0.105608893380495,0.894391106619505,0.990825688073395,0.00917431192660551,1.1663095618804,0.0914570230607966,12.7525423728814
"CV",0.0169492387351939,0.145518363868575,2002,304,212,2094,211,303,1791,1,0.190605239385727,0.222896790980052,0.995283018867924,0.00471698113207547,0.855300859598854,0.144699140401146,0.105394605394605,0.894605394605395,0.996710526315789,0.00328947368421053,1.16366423311526,0.0325985428731552,35.6968174204355
"CV",0.016250507498338,0.14027569475349,2025,281,212,2094,211,280,1814,1,0.18864550737595,0.212922810060711,0.995283018867924,0.00471698113207547,0.866284622731614,0.133715377268386,0.104197530864198,0.895802469135802,0.99644128113879,0.00355871886120996,1.14890994570531,0.0352762803234501,32.5689084895259
"CV",0.0153958658739758,0.13378541558784,2048,258,212,2094,211,257,1837,1,0.186725663716814,0.20294882914137,0.995283018867924,0.00471698113207547,0.877268385864374,0.122731614135626,0.10302734375,0.89697265625,0.996124031007752,0.00387596899224806,1.13452511786033,0.0384333015197122,29.5193249863909
"CV",0.0144534433815514,0.126527323482751,2071,235,212,2094,212,235,1859,0,0.185720543144985,0.193842150910668,1,0,0.887774594078319,0.112225405921681,0.102366006760019,0.897633993239981,1,0,1.12641204948897,0,Inf
"CV",0.0125117714004717,0.111228893631794,2094,212,212,2094,212,212,1882,0,0.183868169991327,0.183868169991327,1,0,0.898758357211079,0.101241642788921,0.101241642788921,0.898758357211079,1,0,1.11264612114772,0,Inf
"CV",0.00634977888418256,0.0593722711768855,2117,189,212,2094,212,189,1905,0,0.182052382996994,0.173894189071986,1,0,0.909742120343839,0.0902578796561605,0.100141709966934,0.899858290033066,1,0,1.0992125984252,0,Inf
"CV",0.00548787791226442,0.0516876269405984,2140,166,212,2094,212,166,1928,0,0.180272108843537,0.163920208152645,1,0,0.9207258834766,0.0792741165234002,0.0990654205607477,0.900934579439252,1,0,1.08609958506224,0,Inf
"CV",0.00516596308832956,0.0487886181582685,2163,143,212,2094,212,143,1951,0,0.178526315789474,0.153946227233304,1,0,0.93170964660936,0.0682903533906399,0.0980120203421174,0.901987979657883,1,0,1.0732957457714,0,Inf
"CV",0.00480106984242452,0.0454833503679232,2186,120,212,2094,212,120,1974,0,0.176814011676397,0.143972246313964,1,0,0.94269340974212,0.0573065902578797,0.0969807868252516,0.903019213174748,1,0,1.06079027355623,0,Inf
"CV",0.00454207614835649,0.0431248498145112,2209,97,212,2094,212,97,1997,0,0.17513424204874,0.133998265394623,1,0,0.953677172874881,0.0463228271251194,0.0959710276143051,0.904028972385695,1,0,1.04857285928893,0,Inf
"CV",0.00435978679076644,0.0414585891195151,2232,74,212,2094,212,74,2020,0,0.173486088379705,0.124024284475282,1,0,0.964660936007641,0.0353390639923591,0.0949820788530466,0.905017921146953,1,0,1.03663366336634,0,Inf
"CV",0.00400726532272438,0.0382215069158654,2255,51,212,2094,212,51,2043,0,0.171868666396433,0.114050303555941,1,0,0.975644699140401,0.0243553008595989,0.0940133037694013,0.905986696230599,1,0,1.02496328928047,0,Inf
"CV",0.0036167836866118,0.0346129347591425,2278,28,212,2094,212,28,2066,0,0.170281124497992,0.1040763226366,1,0,0.986628462273161,0.0133715377268386,0.0930640913081651,0.906935908691835,1,0,1.0135527589545,0,Inf
"CV",0.00306963516184013,0.0295155799442157,2301,5,212,2094,212,5,2089,0,0.168722642260247,0.0941023417172593,1,0,0.997612225405922,0.00238777459407832,0.0921338548457192,0.907866145154281,1,0,1.00239348970799,0,Inf
"CV",0.00252022533341744,0.0243484231923994,2306,0,212,2094,212,0,2094,0,0.168387609213662,0.0919340849956635,1,0,1,0,0.0919340849956635,0.908065915004337,NA,NA,1,NA,NA
